,Wahlkreis,Gebiet,Wahlberechtigte,Wähler,Ungültige,Gültige,CDU/CSU,CDU/CSU_prev,CDU/CSU:2,CDU/CSU:2_prev,SPD,SPD_prev,SPD:2,SPD:2_prev,FDP,FDP_prev,FDP:2,FDP:2_prev,GRUENE,GRUENE_prev,GRUENE:2,GRUENE:2_prev,LINKE,LINKE_prev,LINKE:2,LINKE:2_prev,AFD,AFD_prev,AFD:2,AFD:2_prev,KPD,KPD_prev,KPD:2,KPD:2_prev,BHE,BHE_prev,BHE:2,BHE:2_prev,OTHER,OTHER_prev,OTHER:2,OTHER:2_prev
2,001,Husum  Südtondern  Eiderstedt,117513.0,94615.0,1693.0,92922.0,28901.0,0,0,0,19987.0,0,0,0,11817.0,0,0,0,0,0,0,0,0,0,0,0,0,0,0,0,1405.0,0,0,0,0,0,0,0,30812.0,0,0,0
3,002,Flensburg,131177.0,112871.0,1431.0,111440.0,0.0,0,0,0,16801.0,0,0,0,0.0,0,0,0,0,0,0,0,0,0,0,0,0,0,0,0,1895.0,0,0,0,0,0,0,0,92744.0,0,0,0
4,003,Schleswig  Eckernförde,123483.0,103269.0,1376.0,101893.0,28850.0,0,0,0,17489.0,0,0,0,1101.0,0,0,0,0,0,0,0,0,0,0,0,0,0,0,0,1530.0,0,0,0,0,0,0,0,52923.0,0,0,0
5,004,Norder- und Süderdithmarschen,116535.0,94709.0,1765.0,92944.0,30412.0,0,0,0,24129.0,0,0,0,3950.0,0,0,0,0,0,0,0,0,0,0,0,0,0,0,0,1857.0,0,0,0,0,0,0,0,32596.0,0,0,0
6,005,Rendsburg,133432.0,110887.0,1756.0,109131.0,41567.0,0,0,0,24087.0,0,0,0,2893.0,0,0,0,0,0,0,0,0,0,0,0,0,0,0,0,2679.0,0,0,0,0,0,0,0,37905.0,0,0,0
7,006,Kiel,151052.0,124920.0,2347.0,122573.0,64894.0,0,0,0,43712.0,0,0,0,1766.0,0,0,0,0,0,0,0,0,0,0,0,0,0,0,0,6690.0,0,0,0,0,0,0,0,5511.0,0,0,0
8,007,Plön  Eutin/Nord,110396.0,93000.0,2547.0,90453.0,42242.0,0,0,0,31127.0,0,0,0,8064.0,0,0,0,0,0,0,0,0,0,0,0,0,0,0,0,2162.0,0,0,0,0,0,0,0,6858.0,0,0,0
9,008,Oldenburg  Eutin/Süd,111164.0,88512.0,3612.0,84900.0,31237.0,0,0,0,33479.0,0,0,0,6558.0,0,0,0,0,0,0,0,0,0,0,0,0,0,0,0,2787.0,0,0,0,0,0,0,0,10839.0,0,0,0
10,009,Lübeck,125050.0,100569.0,3247.0,97322.0,24228.0,0,0,0,34865.0,0,0,0,15353.0,0,0,0,0,0,0,0,0,0,0,0,0,0,0,0,4282.0,0,0,0,0,0,0,0,18594.0,0,0,0
11,010,Segeberg  Neumünster,120692.0,101517.0,2180.0,99337.0,30757.0,0,0,0,30137.0,0,0,0,6123.0,0,0,0,0,0,0,0,0,0,0,0,0,0,0,0,2505.0,0,0,0,0,0,0,0,29815.0,0,0,0
12,011,Steinburg,126182.0,106285.0,2447.0,103838.0,26932.0,0,0,0,37916.0,0,0,0,14078.0,0,0,0,0,0,0,0,0,0,0,0,0,0,0,0,3755.0,0,0,0,0,0,0,0,21157.0,0,0,0
13,012,Pinneberg,128599.0,108495.0,3577.0,104918.0,27588.0,0,0,0,38117.0,0,0,0,15229.0,0,0,0,0,0,0,0,0,0,0,0,0,0,0,0,5634.0,0,0,0,0,0,0,0,18350.0,0,0,0
14,013,Stormarn,117945.0,96331.0,2994.0,93337.0,30133.0,0,0,0,34888.0,0,0,0,12208.0,0,0,0,0,0,0,0,0,0,0,0,0,0,0,0,3520.0,0,0,0,0,0,0,0,12588.0,0,0,0
15,014,Herzogtum Lauenburg,117802.0,95040.0,2377.0,92663.0,21215.0,0,0,0,26523.0,0,0,0,4352.0,0,0,0,0,0,0,0,0,0,0,0,0,0,0,0,3043.0,0,0,0,0,0,0,0,37530.0,0,0,0
16,901,Schleswig-Holstein,1731022.0,1431020.0,33349.0,1397671.0,428956.0,0,0,0,413257.0,0,0,0,103492.0,0,0,0,0,0,0,0,0,0,0,0,0,0,0,0,43744.0,0,0,0,0,0,0,0,408222.0,0,0,0
18,015,Hamburg I,132234.0,109154.0,2418.0,106736.0,37450.0,0,0,0,42598.0,0,0,0,0.0,0,0,0,0,0,0,0,0,0,0,0,0,0,0,0,9239.0,0,0,0,0,0,0,0,17449.0,0,0,0
19,016,Hamburg II,137647.0,111009.0,2155.0,108854.0,45546.0,0,0,0,38368.0,0,0,0,0.0,0,0,0,0,0,0,0,0,0,0,0,0,0,0,0,6929.0,0,0,0,0,0,0,0,18011.0,0,0,0
20,017,Hamburg III,161430.0,125503.0,2684.0,122819.0,46234.0,0,0,0,43717.0,0,0,0,0.0,0,0,0,0,0,0,0,0,0,0,0,0,0,0,0,13922.0,0,0,0,0,0,0,0,18946.0,0,0,0
21,018,Hamburg IV,146198.0,117759.0,2805.0,114954.0,0.0,0,0,0,49938.0,0,0,0,36162.0,0,0,0,0,0,0,0,0,0,0,0,0,0,0,0,9200.0,0,0,0,0,0,0,0,19654.0,0,0,0
22,019,Hamburg V,154483.0,126794.0,3221.0,123573.0,0.0,0,0,0,50313.0,0,0,0,42655.0,0,0,0,0,0,0,0,0,0,0,0,0,0,0,0,9880.0,0,0,0,0,0,0,0,20725.0,0,0,0
23,020,Hamburg VI,121164.0,97758.0,1984.0,95774.0,0.0,0,0,0,36611.0,0,0,0,37107.0,0,0,0,0,0,0,0,0,0,0,0,0,0,0,0,7694.0,0,0,0,0,0,0,0,14362.0,0,0,0
24,021,Hamburg VII,149168.0,122337.0,2259.0,120078.0,49556.0,0,0,0,43269.0,0,0,0,0.0,0,0,0,0,0,0,0,0,0,0,0,0,0,0,0,7941.0,0,0,0,0,0,0,0,19312.0,0,0,0
25,022,Hamburg VIII,138890.0,116121.0,3465.0,112656.0,0.0,0,0,0,54059.0,0,0,0,27447.0,0,0,0,0,0,0,0,0,0,0,0,0,0,0,0,11942.0,0,0,0,0,0,0,0,19208.0,0,0,0
26,902,Hamburg,1141214.0,926435.0,20991.0,905444.0,178786.0,0,0,0,358873.0,0,0,0,143371.0,0,0,0,0,0,0,0,0,0,0,0,0,0,0,0,76747.0,0,0,0,0,0,0,0,147667.0,0,0,0
28,023,Aurich  Emden,120088.0,83234.0,1954.0,81280.0,10916.0,0,0,0,28847.0,0,0,0,8116.0,0,0,0,0,0,0,0,0,0,0,0,0,0,0,0,4272.0,0,0,0,0,0,0,0,29129.0,0,0,0
29,024,Leer,119529.0,81168.0,2637.0,78531.0,20957.0,0,0,0,27549.0,0,0,0,9684.0,0,0,0,0,0,0,0,0,0,0,0,0,0,0,0,2207.0,0,0,0,0,0,0,0,18134.0,0,0,0
30,025,Wilhelmshaven  Friesland,126709.0,98748.0,2498.0,96250.0,9859.0,0,0,0,31399.0,0,0,0,13120.0,0,0,0,0,0,0,0,0,0,0,0,0,0,0,0,5133.0,0,0,0,0,0,0,0,36739.0,0,0,0
31,026,Emsland,112188.0,87478.0,2272.0,85206.0,43001.0,0,0,0,16088.0,0,0,0,1490.0,0,0,0,0,0,0,0,0,0,0,0,0,0,0,0,1455.0,0,0,0,0,0,0,0,23172.0,0,0,0
32,027,Bersenbrück  Lingen,109361.0,92984.0,1832.0,91152.0,33086.0,0,0,0,27580.0,0,0,0,1611.0,0,0,0,0,0,0,0,0,0,0,0,0,0,0,0,1546.0,0,0,0,0,0,0,0,27329.0,0,0,0
33,028,Osnabrück-Stadt und -Land,148082.0,121409.0,1953.0,119456.0,42323.0,0,0,0,31945.0,0,0,0,2676.0,0,0,0,0,0,0,0,0,0,0,0,0,0,0,0,3090.0,0,0,0,0,0,0,0,39422.0,0,0,0
34,029,Delmenhorst  Wesermarsch,138636.0,106585.0,2519.0,104066.0,16234.0,0,0,0,32962.0,0,0,0,19582.0,0,0,0,0,0,0,0,0,0,0,0,0,0,0,0,3560.0,0,0,0,0,0,0,0,31728.0,0,0,0
35,030,Oldenburg  Ammerland,141441.0,101434.0,1316.0,100118.0,12302.0,0,0,0,19852.0,0,0,0,24837.0,0,0,0,0,0,0,0,0,0,0,0,0,0,0,0,3512.0,0,0,0,0,0,0,0,39615.0,0,0,0
36,031,Vechta  Cloppenburg,102242.0,88130.0,1683.0,86447.0,39726.0,0,0,0,9592.0,0,0,0,1030.0,0,0,0,0,0,0,0,0,0,0,0,0,0,0,0,905.0,0,0,0,0,0,0,0,35194.0,0,0,0
37,032,Cuxhaven  Hadeln  Wesermünde,134461.0,96929.0,2119.0,94810.0,8772.0,0,0,0,32476.0,0,0,0,9583.0,0,0,0,0,0,0,0,0,0,0,0,0,0,0,0,2464.0,0,0,0,0,0,0,0,41515.0,0,0,0
38,033,Stade  Bremervörde,143677.0,115313.0,2274.0,113039.0,10510.0,0,0,0,44714.0,0,0,0,4095.0,0,0,0,0,0,0,0,0,0,0,0,0,0,0,0,1911.0,0,0,0,0,0,0,0,51809.0,0,0,0
39,034,Verden  Rotenburg  Osterholz,140931.0,106308.0,2227.0,104081.0,12384.0,0,0,0,31555.0,0,0,0,0.0,0,0,0,0,0,0,0,0,0,0,0,0,0,0,0,2329.0,0,0,0,0,0,0,0,57813.0,0,0,0
40,035,Lüneburg  Dannenberg,127233.0,94147.0,2231.0,91916.0,14469.0,0,0,0,29111.0,0,0,0,6889.0,0,0,0,0,0,0,0,0,0,0,0,0,0,0,0,3520.0,0,0,0,0,0,0,0,37927.0,0,0,0
41,036,Harburg  Soltau,120254.0,91281.0,1947.0,89334.0,13120.0,0,0,0,26165.0,0,0,0,6060.0,0,0,0,0,0,0,0,0,0,0,0,0,0,0,0,2656.0,0,0,0,0,0,0,0,41333.0,0,0,0
42,037,Fallingbostel  Hoya,138330.0,102488.0,1832.0,100656.0,10146.0,0,0,0,27004.0,0,0,0,4966.0,0,0,0,0,0,0,0,0,0,0,0,0,0,0,0,1727.0,0,0,0,0,0,0,0,56813.0,0,0,0
43,038,Celle,128894.0,98985.0,1957.0,97028.0,10570.0,0,0,0,27030.0,0,0,0,3568.0,0,0,0,0,0,0,0,0,0,0,0,0,0,0,0,3131.0,0,0,0,0,0,0,0,52729.0,0,0,0
44,039,Uelzen,116122.0,91372.0,1785.0,89587.0,8224.0,0,0,0,32266.0,0,0,0,3508.0,0,0,0,0,0,0,0,0,0,0,0,0,0,0,0,1945.0,0,0,0,0,0,0,0,43644.0,0,0,0
45,040,Stadt Hannover-Nord,170195.0,124589.0,1696.0,122893.0,19729.0,0,0,0,54253.0,0,0,0,15042.0,0,0,0,0,0,0,0,0,0,0,0,0,0,0,0,5375.0,0,0,0,0,0,0,0,28494.0,0,0,0
46,041,Stadt Hannover-Süd,133897.0,103344.0,1545.0,101799.0,14993.0,0,0,0,56107.0,0,0,0,8099.0,0,0,0,0,0,0,0,0,0,0,0,0,0,0,0,5463.0,0,0,0,0,0,0,0,17137.0,0,0,0
47,042,Hannover-Land,127779.0,104129.0,2985.0,101144.0,17385.0,0,0,0,46405.0,0,0,0,6906.0,0,0,0,0,0,0,0,0,0,0,0,0,0,0,0,4424.0,0,0,0,0,0,0,0,26024.0,0,0,0
48,043,Neustadt  Grafschaft Schaumburg,134370.0,107767.0,2008.0,105759.0,11806.0,0,0,0,36446.0,0,0,0,4817.0,0,0,0,0,0,0,0,0,0,0,0,0,0,0,0,2996.0,0,0,0,0,0,0,0,49694.0,0,0,0
49,044,Nienburg  Schaumburg-Lippe,118876.0,93403.0,2117.0,91286.0,13965.0,0,0,0,32607.0,0,0,0,3950.0,0,0,0,0,0,0,0,0,0,0,0,0,0,0,0,2557.0,0,0,0,0,0,0,0,38207.0,0,0,0
50,045,Diepholz  Melle  Wittlage,116872.0,84649.0,3201.0,81448.0,20307.0,0,0,0,22343.0,0,0,0,1146.0,0,0,0,0,0,0,0,0,0,0,0,0,0,0,0,1852.0,0,0,0,0,0,0,0,35800.0,0,0,0
51,046,Hameln  Springe,144693.0,117846.0,2093.0,115753.0,13121.0,0,0,0,39486.0,0,0,0,4433.0,0,0,0,0,0,0,0,0,0,0,0,0,0,0,0,3262.0,0,0,0,0,0,0,0,55451.0,0,0,0
52,047,Alfeld  Holzminden,127904.0,107610.0,2690.0,104920.0,14260.0,0,0,0,45558.0,0,0,0,6343.0,0,0,0,0,0,0,0,0,0,0,0,0,0,0,0,3576.0,0,0,0,0,0,0,0,35183.0,0,0,0
53,048,Hildesheim-Stadt und -Land,131331.0,108795.0,1973.0,106822.0,23022.0,0,0,0,33274.0,0,0,0,2653.0,0,0,0,0,0,0,0,0,0,0,0,0,0,0,0,2483.0,0,0,0,0,0,0,0,45390.0,0,0,0
54,049,Gandersheim  Salzgitter,131526.0,104987.0,2684.0,102303.0,16343.0,0,0,0,36040.0,0,0,0,11776.0,0,0,0,0,0,0,0,0,0,0,0,0,0,0,0,4145.0,0,0,0,0,0,0,0,33999.0,0,0,0
55,050,Stadt Braunschweig,159954.0,117971.0,1838.0,116133.0,19571.0,0,0,0,46311.0,0,0,0,6373.0,0,0,0,0,0,0,0,0,0,0,0,0,0,0,0,5471.0,0,0,0,0,0,0,0,38407.0,0,0,0
56,051,Braunschweig-Land  Helmstedt,125331.0,103718.0,2766.0,100952.0,16828.0,0,0,0,31595.0,0,0,0,3848.0,0,0,0,0,0,0,0,0,0,0,0,0,0,0,0,2406.0,0,0,0,0,0,0,0,46275.0,0,0,0
57,052,Wolfenbüttel  Goslar-Land,125041.0,100411.0,2305.0,98106.0,18268.0,0,0,0,38748.0,0,0,0,8062.0,0,0,0,0,0,0,0,0,0,0,0,0,0,0,0,3492.0,0,0,0,0,0,0,0,29536.0,0,0,0
58,053,Harz,131460.0,104296.0,2262.0,102034.0,15480.0,0,0,0,36444.0,0,0,0,12911.0,0,0,0,0,0,0,0,0,0,0,0,0,0,0,0,3382.0,0,0,0,0,0,0,0,33817.0,0,0,0
59,054,Peine  Gifhorn,120849.0,98197.0,2370.0,95827.0,14674.0,0,0,0,32824.0,0,0,0,2299.0,0,0,0,0,0,0,0,0,0,0,0,0,0,0,0,3056.0,0,0,0,0,0,0,0,42974.0,0,0,0
60,055,Northeim  Einbeck  Duderstadt,127694.0,106160.0,2237.0,103923.0,18404.0,0,0,0,31631.0,0,0,0,13552.0,0,0,0,0,0,0,0,0,0,0,0,0,0,0,0,1817.0,0,0,0,0,0,0,0,38519.0,0,0,0
61,056,Göttingen  Münden,129660.0,94099.0,2193.0,91906.0,8936.0,0,0,0,29088.0,0,0,0,19116.0,0,0,0,0,0,0,0,0,0,0,0,0,0,0,0,3012.0,0,0,0,0,0,0,0,31754.0,0,0,0
62,903,Niedersachsen,4425610.0,3439964.0,73999.0,3365965.0,593691.0,0,0,0,1125295.0,0,0,0,252141.0,0,0,0,0,0,0,0,0,0,0,0,0,0,0,0,104132.0,0,0,0,0,0,0,0,1290706.0,0,0,0
64,057,Bremen-Ost,124661.0,104604.0,1738.0,102866.0,20255.0,0,0,0,30718.0,0,0,0,18886.0,0,0,0,0,0,0,0,0,0,0,0,0,0,0,0,4875.0,0,0,0,0,0,0,0,28132.0,0,0,0
65,058,Bremen-West,126163.0,101239.0,2124.0,99115.0,14139.0,0,0,0,35787.0,0,0,0,13887.0,0,0,0,0,0,0,0,0,0,0,0,0,0,0,0,8080.0,0,0,0,0,0,0,0,27222.0,0,0,0
66,059,Bremerhaven  Bremen-Nord,129015.0,105137.0,3253.0,101884.0,16896.0,0,0,0,38004.0,0,0,0,6455.0,0,0,0,0,0,0,0,0,0,0,0,0,0,0,0,7575.0,0,0,0,0,0,0,0,32954.0,0,0,0
67,904,Bremen,379839.0,310980.0,7115.0,303865.0,51290.0,0,0,0,104509.0,0,0,0,39228.0,0,0,0,0,0,0,0,0,0,0,0,0,0,0,0,20530.0,0,0,0,0,0,0,0,88308.0,0,0,0
69,060,Aachen-Stadt,89538.0,67501.0,1449.0,66052.0,35114.0,0,0,0,20053.0,0,0,0,4204.0,0,0,0,0,0,0,0,0,0,0,0,0,0,0,0,3573.0,0,0,0,0,0,0,0,3108.0,0,0,0
70,061,Aachen-Land,140432.0,115116.0,5856.0,109260.0,54842.0,0,0,0,35771.0,0,0,0,3601.0,0,0,0,0,0,0,0,0,0,0,0,0,0,0,0,8860.0,0,0,0,0,0,0,0,6186.0,0,0,0
71,062,Geilenkirchen  Erkelenz  Jülich,135721.0,112555.0,5923.0,106632.0,68451.0,0,0,0,23011.0,0,0,0,3284.0,0,0,0,0,0,0,0,0,0,0,0,0,0,0,0,3238.0,0,0,0,0,0,0,0,8648.0,0,0,0
72,063,Düren  Monschau  Schleiden,131306.0,106481.0,3794.0,102687.0,63189.0,0,0,0,22180.0,0,0,0,3614.0,0,0,0,0,0,0,0,0,0,0,0,0,0,0,0,2750.0,0,0,0,0,0,0,0,10954.0,0,0,0
73,064,Bergheim  Euskirchen,119961.0,100220.0,3893.0,96327.0,46087.0,0,0,0,33294.0,0,0,0,5634.0,0,0,0,0,0,0,0,0,0,0,0,0,0,0,0,3017.0,0,0,0,0,0,0,0,8295.0,0,0,0
74,065,Köln-Land,97158.0,79822.0,3329.0,76493.0,32859.0,0,0,0,28178.0,0,0,0,6162.0,0,0,0,0,0,0,0,0,0,0,0,0,0,0,0,5569.0,0,0,0,0,0,0,0,3725.0,0,0,0
75,066,Köln I,153628.0,108467.0,1172.0,107295.0,45232.0,0,0,0,34809.0,0,0,0,16045.0,0,0,0,0,0,0,0,0,0,0,0,0,0,0,0,7825.0,0,0,0,0,0,0,0,3384.0,0,0,0
76,067,Köln II,139774.0,100576.0,1507.0,99069.0,44461.0,0,0,0,32844.0,0,0,0,10893.0,0,0,0,0,0,0,0,0,0,0,0,0,0,0,0,7575.0,0,0,0,0,0,0,0,3296.0,0,0,0
77,068,Köln III,118105.0,88290.0,1485.0,86805.0,37681.0,0,0,0,29930.0,0,0,0,7461.0,0,0,0,0,0,0,0,0,0,0,0,0,0,0,0,8554.0,0,0,0,0,0,0,0,3179.0,0,0,0
78,069,Bonn-Stadt und -Land,175188.0,135712.0,2810.0,132902.0,72951.0,0,0,0,28262.0,0,0,0,18721.0,0,0,0,0,0,0,0,0,0,0,0,0,0,0,0,3788.0,0,0,0,0,0,0,0,9180.0,0,0,0
79,070,Siegkreis,143918.0,116147.0,3940.0,112207.0,41717.0,0,0,0,23971.0,0,0,0,13535.0,0,0,0,0,0,0,0,0,0,0,0,0,0,0,0,3890.0,0,0,0,0,0,0,0,29094.0,0,0,0
80,071,Oberbergischer Kreis,83669.0,64953.0,1417.0,63536.0,23526.0,0,0,0,20573.0,0,0,0,12381.0,0,0,0,0,0,0,0,0,0,0,0,0,0,0,0,2015.0,0,0,0,0,0,0,0,5041.0,0,0,0
81,072,Rheinisch-Bergischer Kreis,108245.0,88181.0,2238.0,85943.0,41777.0,0,0,0,21109.0,0,0,0,8671.0,0,0,0,0,0,0,0,0,0,0,0,0,0,0,0,3458.0,0,0,0,0,0,0,0,10928.0,0,0,0
82,073,Rhein-Wupper-Kreis,143549.0,112780.0,3025.0,109755.0,38216.0,0,0,0,26942.0,0,0,0,19392.0,0,0,0,0,0,0,0,0,0,0,0,0,0,0,0,10831.0,0,0,0,0,0,0,0,14374.0,0,0,0
83,074,Remscheid  Solingen,182456.0,144955.0,2848.0,142107.0,30454.0,0,0,0,35456.0,0,0,0,28404.0,0,0,0,0,0,0,0,0,0,0,0,0,0,0,0,29760.0,0,0,0,0,0,0,0,18033.0,0,0,0
84,075,Wuppertal I,130214.0,98273.0,1266.0,97007.0,0.0,0,0,0,32754.0,0,0,0,38251.0,0,0,0,0,0,0,0,0,0,0,0,0,0,0,0,10235.0,0,0,0,0,0,0,0,15767.0,0,0,0
85,076,Wuppertal II,130716.0,100856.0,1505.0,99351.0,37230.0,0,0,0,30427.0,0,0,0,0.0,0,0,0,0,0,0,0,0,0,0,0,0,0,0,0,11574.0,0,0,0,0,0,0,0,20120.0,0,0,0
86,077,Düsseldorf  Mettmann,160338.0,126516.0,3149.0,123367.0,42069.0,0,0,0,38750.0,0,0,0,13265.0,0,0,0,0,0,0,0,0,0,0,0,0,0,0,0,13235.0,0,0,0,0,0,0,0,16048.0,0,0,0
87,078,Düsseldorf I,171292.0,124929.0,2289.0,122640.0,52108.0,0,0,0,32780.0,0,0,0,14758.0,0,0,0,0,0,0,0,0,0,0,0,0,0,0,0,9874.0,0,0,0,0,0,0,0,13120.0,0,0,0
88,079,Düsseldorf II,173089.0,127387.0,2520.0,124867.0,46392.0,0,0,0,40999.0,0,0,0,9885.0,0,0,0,0,0,0,0,0,0,0,0,0,0,0,0,16630.0,0,0,0,0,0,0,0,10961.0,0,0,0
89,080,Neuß  Grevenbroich,129691.0,104518.0,4051.0,100467.0,47487.0,0,0,0,29253.0,0,0,0,6539.0,0,0,0,0,0,0,0,0,0,0,0,0,0,0,0,5109.0,0,0,0,0,0,0,0,12079.0,0,0,0
90,081,Krefeld,119126.0,86848.0,1844.0,85004.0,29727.0,0,0,0,26058.0,0,0,0,13236.0,0,0,0,0,0,0,0,0,0,0,0,0,0,0,0,5007.0,0,0,0,0,0,0,0,10976.0,0,0,0
91,082,Rheydt  Mönchengladbach  Viersen,157478.0,120475.0,2828.0,117647.0,43962.0,0,0,0,23770.0,0,0,0,12080.0,0,0,0,0,0,0,0,0,0,0,0,0,0,0,0,6028.0,0,0,0,0,0,0,0,31807.0,0,0,0
92,083,Kempen  Krefeld,114734.0,93763.0,3263.0,90500.0,39407.0,0,0,0,23151.0,0,0,0,6851.0,0,0,0,0,0,0,0,0,0,0,0,0,0,0,0,3720.0,0,0,0,0,0,0,0,17371.0,0,0,0
93,084,Moers,147359.0,116448.0,3494.0,112954.0,39392.0,0,0,0,40698.0,0,0,0,6565.0,0,0,0,0,0,0,0,0,0,0,0,0,0,0,0,8420.0,0,0,0,0,0,0,0,17879.0,0,0,0
94,085,Geldern  Kleve,94955.0,81464.0,2779.0,78685.0,47193.0,0,0,0,13669.0,0,0,0,2045.0,0,0,0,0,0,0,0,0,0,0,0,0,0,0,0,2157.0,0,0,0,0,0,0,0,13621.0,0,0,0
95,086,Rees  Dinslaken,96115.0,77444.0,1948.0,75496.0,26781.0,0,0,0,23353.0,0,0,0,6986.0,0,0,0,0,0,0,0,0,0,0,0,0,0,0,0,5651.0,0,0,0,0,0,0,0,12725.0,0,0,0
96,087,Oberhausen,128779.0,99335.0,2357.0,96978.0,28152.0,0,0,0,28084.0,0,0,0,4501.0,0,0,0,0,0,0,0,0,0,0,0,0,0,0,0,8405.0,0,0,0,0,0,0,0,27836.0,0,0,0
97,088,Mülheim,100993.0,77980.0,1957.0,76023.0,21441.0,0,0,0,26543.0,0,0,0,9975.0,0,0,0,0,0,0,0,0,0,0,0,0,0,0,0,7681.0,0,0,0,0,0,0,0,10383.0,0,0,0
98,089,Essen I,137569.0,103742.0,1679.0,102063.0,28172.0,0,0,0,35994.0,0,0,0,4803.0,0,0,0,0,0,0,0,0,0,0,0,0,0,0,0,13371.0,0,0,0,0,0,0,0,19723.0,0,0,0
99,090,Essen II,137601.0,102845.0,1990.0,100855.0,25198.0,0,0,0,39207.0,0,0,0,3898.0,0,0,0,0,0,0,0,0,0,0,0,0,0,0,0,14142.0,0,0,0,0,0,0,0,18410.0,0,0,0
100,091,Essen III,139347.0,105456.0,1676.0,103780.0,33577.0,0,0,0,30146.0,0,0,0,12063.0,0,0,0,0,0,0,0,0,0,0,0,0,0,0,0,6603.0,0,0,0,0,0,0,0,21391.0,0,0,0
101,092,Duisburg I,132141.0,104245.0,2143.0,102102.0,27432.0,0,0,0,40413.0,0,0,0,8280.0,0,0,0,0,0,0,0,0,0,0,0,0,0,0,0,13408.0,0,0,0,0,0,0,0,12569.0,0,0,0
102,093,Duisburg II,140779.0,106602.0,2046.0,104556.0,35303.0,0,0,0,38312.0,0,0,0,8949.0,0,0,0,0,0,0,0,0,0,0,0,0,0,0,0,11079.0,0,0,0,0,0,0,0,10913.0,0,0,0
103,094,Borken  Bocholt  Ahaus,119291.0,103924.0,2153.0,101771.0,42522.0,0,0,0,16494.0,0,0,0,2212.0,0,0,0,0,0,0,0,0,0,0,0,0,0,0,0,2532.0,0,0,0,0,0,0,0,38011.0,0,0,0
104,095,Steinfurt  Tecklenburg,160705.0,134651.0,2809.0,131842.0,48585.0,0,0,0,30814.0,0,0,0,6027.0,0,0,0,0,0,0,0,0,0,0,0,0,0,0,0,2842.0,0,0,0,0,0,0,0,43574.0,0,0,0
105,096,Beckum  Warendorf,120454.0,103503.0,2278.0,101225.0,42216.0,0,0,0,23388.0,0,0,0,3015.0,0,0,0,0,0,0,0,0,0,0,0,0,0,0,0,4115.0,0,0,0,0,0,0,0,28491.0,0,0,0
106,097,Münster-Stadt und -Land,128276.0,101336.0,1637.0,99699.0,34466.0,0,0,0,21509.0,0,0,0,8958.0,0,0,0,0,0,0,0,0,0,0,0,0,0,0,0,2433.0,0,0,0,0,0,0,0,32333.0,0,0,0
107,098,Lüdinghausen  Coesfeld,118311.0,103172.0,2208.0,100964.0,41816.0,0,0,0,21406.0,0,0,0,2431.0,0,0,0,0,0,0,0,0,0,0,0,0,0,0,0,3833.0,0,0,0,0,0,0,0,31478.0,0,0,0
108,099,Gelsenkirchen,209576.0,162231.0,3785.0,158446.0,39535.0,0,0,0,57902.0,0,0,0,6920.0,0,0,0,0,0,0,0,0,0,0,0,0,0,0,0,24240.0,0,0,0,0,0,0,0,29849.0,0,0,0
109,100,Recklinghausen-Land,151446.0,126839.0,3831.0,123008.0,46877.0,0,0,0,39504.0,0,0,0,2472.0,0,0,0,0,0,0,0,0,0,0,0,0,0,0,0,13334.0,0,0,0,0,0,0,0,20821.0,0,0,0
110,101,Recklinghausen-Stadt,68583.0,55636.0,1213.0,54423.0,20899.0,0,0,0,17173.0,0,0,0,2081.0,0,0,0,0,0,0,0,0,0,0,0,0,0,0,0,6608.0,0,0,0,0,0,0,0,7662.0,0,0,0
111,102,Gladbeck  Bottrop,104630.0,88455.0,2123.0,86332.0,29534.0,0,0,0,30705.0,0,0,0,1279.0,0,0,0,0,0,0,0,0,0,0,0,0,0,0,0,13698.0,0,0,0,0,0,0,0,11116.0,0,0,0
112,103,Warburg  Höxter  Büren,132800.0,110649.0,2100.0,108549.0,43736.0,0,0,0,17913.0,0,0,0,3333.0,0,0,0,0,0,0,0,0,0,0,0,0,0,0,0,1330.0,0,0,0,0,0,0,0,42237.0,0,0,0
113,104,Paderborn  Wiedenbrück,145105.0,119107.0,3184.0,115923.0,51252.0,0,0,0,24695.0,0,0,0,4403.0,0,0,0,0,0,0,0,0,0,0,0,0,0,0,0,1748.0,0,0,0,0,0,0,0,33825.0,0,0,0
114,105,Bielefeld  Halle,101790.0,84124.0,3628.0,80496.0,28572.0,0,0,0,37509.0,0,0,0,3868.0,0,0,0,0,0,0,0,0,0,0,0,0,0,0,0,2983.0,0,0,0,0,0,0,0,7564.0,0,0,0
115,106,Bielefeld-Stadt,104614.0,85592.0,2941.0,82651.0,23079.0,0,0,0,37059.0,0,0,0,9537.0,0,0,0,0,0,0,0,0,0,0,0,0,0,0,0,3747.0,0,0,0,0,0,0,0,9229.0,0,0,0
116,107,Herford-Stadt und -Land,141560.0,109075.0,5549.0,103526.0,29755.0,0,0,0,47484.0,0,0,0,6510.0,0,0,0,0,0,0,0,0,0,0,0,0,0,0,0,4816.0,0,0,0,0,0,0,0,14961.0,0,0,0
117,108,Detmold,94426.0,73045.0,2403.0,70642.0,22229.0,0,0,0,23945.0,0,0,0,7139.0,0,0,0,0,0,0,0,0,0,0,0,0,0,0,0,3502.0,0,0,0,0,0,0,0,13827.0,0,0,0
118,109,Lemgo,86958.0,66542.0,2337.0,64205.0,17381.0,0,0,0,25441.0,0,0,0,8594.0,0,0,0,0,0,0,0,0,0,0,0,0,0,0,0,3028.0,0,0,0,0,0,0,0,9761.0,0,0,0
119,110,Minden  Lübbecke,170835.0,127489.0,6145.0,121344.0,46222.0,0,0,0,50771.0,0,0,0,7895.0,0,0,0,0,0,0,0,0,0,0,0,0,0,0,0,6271.0,0,0,0,0,0,0,0,10185.0,0,0,0
120,111,Wattenscheid  Wanne-Eickel,102340.0,84791.0,2443.0,82348.0,28493.0,0,0,0,33737.0,0,0,0,3808.0,0,0,0,0,0,0,0,0,0,0,0,0,0,0,0,11858.0,0,0,0,0,0,0,0,4452.0,0,0,0
121,112,Herne  Castrop-Rauxel,116931.0,98192.0,3263.0,94929.0,32869.0,0,0,0,39538.0,0,0,0,4701.0,0,0,0,0,0,0,0,0,0,0,0,0,0,0,0,11628.0,0,0,0,0,0,0,0,6193.0,0,0,0
122,113,Ennepe-Ruhr  Witten,198971.0,165272.0,5030.0,160242.0,38232.0,0,0,0,64966.0,0,0,0,25981.0,0,0,0,0,0,0,0,0,0,0,0,0,0,0,0,17374.0,0,0,0,0,0,0,0,13689.0,0,0,0
123,114,Hagen,100482.0,80857.0,1716.0,79141.0,25634.0,0,0,0,25555.0,0,0,0,12424.0,0,0,0,0,0,0,0,0,0,0,0,0,0,0,0,11479.0,0,0,0,0,0,0,0,4049.0,0,0,0
124,115,Dortmund I,131741.0,105038.0,2769.0,102269.0,29541.0,0,0,0,44369.0,0,0,0,12362.0,0,0,0,0,0,0,0,0,0,0,0,0,0,0,0,10689.0,0,0,0,0,0,0,0,5308.0,0,0,0
125,116,Dortmund II,130212.0,101719.0,2635.0,99084.0,30577.0,0,0,0,41043.0,0,0,0,8723.0,0,0,0,0,0,0,0,0,0,0,0,0,0,0,0,13395.0,0,0,0,0,0,0,0,5346.0,0,0,0
126,117,Dortmund III  Lünen,124453.0,99439.0,2659.0,96780.0,29445.0,0,0,0,43393.0,0,0,0,7624.0,0,0,0,0,0,0,0,0,0,0,0,0,0,0,0,11669.0,0,0,0,0,0,0,0,4649.0,0,0,0
127,118,Bochum,193940.0,160378.0,4039.0,156339.0,49442.0,0,0,0,61062.0,0,0,0,12091.0,0,0,0,0,0,0,0,0,0,0,0,0,0,0,0,16064.0,0,0,0,0,0,0,0,17680.0,0,0,0
128,119,Iserlohn-Stadt und -Land,136970.0,111636.0,2892.0,108744.0,30541.0,0,0,0,37484.0,0,0,0,11199.0,0,0,0,0,0,0,0,0,0,0,0,0,0,0,0,6047.0,0,0,0,0,0,0,0,23473.0,0,0,0
129,120,Unna  Hamm,159878.0,134956.0,5780.0,129176.0,39177.0,0,0,0,54902.0,0,0,0,12561.0,0,0,0,0,0,0,0,0,0,0,0,0,0,0,0,9763.0,0,0,0,0,0,0,0,12773.0,0,0,0
130,121,Meschede  Olpe,102498.0,88131.0,1645.0,86486.0,48041.0,0,0,0,15924.0,0,0,0,2590.0,0,0,0,0,0,0,0,0,0,0,0,0,0,0,0,1509.0,0,0,0,0,0,0,0,18422.0,0,0,0
131,122,Arnsberg  Soest,138762.0,114515.0,2418.0,112097.0,45637.0,0,0,0,26413.0,0,0,0,6647.0,0,0,0,0,0,0,0,0,0,0,0,0,0,0,0,2679.0,0,0,0,0,0,0,0,30721.0,0,0,0
132,123,Lippstadt  Brilon,106669.0,91102.0,1753.0,89349.0,43518.0,0,0,0,15680.0,0,0,0,6439.0,0,0,0,0,0,0,0,0,0,0,0,0,0,0,0,1927.0,0,0,0,0,0,0,0,21785.0,0,0,0
133,124,Altena  Lüdenscheid,132098.0,106293.0,2241.0,104052.0,32672.0,0,0,0,38417.0,0,0,0,14309.0,0,0,0,0,0,0,0,0,0,0,0,0,0,0,0,5814.0,0,0,0,0,0,0,0,12840.0,0,0,0
134,125,Siegen-Stadt und -Land  Wittgenstein,141525.0,111148.0,2099.0,109049.0,41448.0,0,0,0,32233.0,0,0,0,8391.0,0,0,0,0,0,0,0,0,0,0,0,0,0,0,0,3238.0,0,0,0,0,0,0,0,23739.0,0,0,0
135,905,Nordrhein-Westfalen,8681794.0,6909719.0,183176.0,6726543.0,2481523.0,0,0,0,2109172.0,0,0,0,581456.0,0,0,0,0,0,0,0,0,0,0,0,0,0,0,0,513225.0,0,0,0,0,0,0,0,1041167.0,0,0,0
137,126,Waldeck,132967.0,103091.0,3356.0,99735.0,13875.0,0,0,0,27422.0,0,0,0,35103.0,0,0,0,0,0,0,0,0,0,0,0,0,0,0,0,4459.0,0,0,0,0,0,0,0,18876.0,0,0,0
138,127,Kassel ,156506.0,128698.0,6594.0,122104.0,13886.0,0,0,0,51624.0,0,0,0,45379.0,0,0,0,0,0,0,0,0,0,0,0,0,0,0,0,11215.0,0,0,0,0,0,0,0,0.0,0,0,0
139,128,Eschwege,120772.0,102362.0,4800.0,97562.0,10420.0,0,0,0,34685.0,0,0,0,29583.0,0,0,0,0,0,0,0,0,0,0,0,0,0,0,0,5170.0,0,0,0,0,0,0,0,17704.0,0,0,0
140,129,Fritzlar-Homberg,131308.0,101740.0,3328.0,98412.0,13349.0,0,0,0,28733.0,0,0,0,34941.0,0,0,0,0,0,0,0,0,0,0,0,0,0,0,0,3363.0,0,0,0,0,0,0,0,18026.0,0,0,0
141,130,Hersfeld,112514.0,93897.0,3537.0,90360.0,16736.0,0,0,0,30565.0,0,0,0,25582.0,0,0,0,0,0,0,0,0,0,0,0,0,0,0,0,2846.0,0,0,0,0,0,0,0,14631.0,0,0,0
142,131,Marburg,126656.0,89334.0,2699.0,86635.0,16549.0,0,0,0,22951.0,0,0,0,31357.0,0,0,0,0,0,0,0,0,0,0,0,0,0,0,0,3210.0,0,0,0,0,0,0,0,12568.0,0,0,0
143,132,Wetzlar,140121.0,98182.0,5284.0,92898.0,15247.0,0,0,0,27430.0,0,0,0,27710.0,0,0,0,0,0,0,0,0,0,0,0,0,0,0,0,5034.0,0,0,0,0,0,0,0,17477.0,0,0,0
144,133,Gießen,143130.0,109222.0,4049.0,105173.0,10445.0,0,0,0,26905.0,0,0,0,41499.0,0,0,0,0,0,0,0,0,0,0,0,0,0,0,0,4795.0,0,0,0,0,0,0,0,21529.0,0,0,0
145,134,Fulda,151291.0,121969.0,4791.0,117178.0,50411.0,0,0,0,23199.0,0,0,0,21899.0,0,0,0,0,0,0,0,0,0,0,0,0,0,0,0,2930.0,0,0,0,0,0,0,0,18739.0,0,0,0
146,135,Obertaunuskreis,116124.0,87910.0,5279.0,82631.0,20463.0,0,0,0,25361.0,0,0,0,22119.0,0,0,0,0,0,0,0,0,0,0,0,0,0,0,0,4189.0,0,0,0,0,0,0,0,10499.0,0,0,0
147,136,Friedberg,150594.0,115684.0,7140.0,108544.0,15208.0,0,0,0,35963.0,0,0,0,31812.0,0,0,0,0,0,0,0,0,0,0,0,0,0,0,0,6168.0,0,0,0,0,0,0,0,19393.0,0,0,0
148,137,Limburg,129821.0,105636.0,4988.0,100648.0,38810.0,0,0,0,24354.0,0,0,0,21401.0,0,0,0,0,0,0,0,0,0,0,0,0,0,0,0,2790.0,0,0,0,0,0,0,0,13293.0,0,0,0
149,138,Wiesbaden,154936.0,119629.0,3297.0,116332.0,27179.0,0,0,0,33557.0,0,0,0,42381.0,0,0,0,0,0,0,0,0,0,0,0,0,0,0,0,7195.0,0,0,0,0,0,0,0,6020.0,0,0,0
150,139,Hanau,126891.0,107912.0,8758.0,99154.0,23751.0,0,0,0,31637.0,0,0,0,16937.0,0,0,0,0,0,0,0,0,0,0,0,0,0,0,0,13688.0,0,0,0,0,0,0,0,13141.0,0,0,0
151,140,Frankfurt/M I,124140.0,82327.0,4451.0,77876.0,19612.0,0,0,0,30155.0,0,0,0,17852.0,0,0,0,0,0,0,0,0,0,0,0,0,0,0,0,6803.0,0,0,0,0,0,0,0,3454.0,0,0,0
152,141,Frankfurt/M II,134288.0,85547.0,3490.0,82057.0,16393.0,0,0,0,32253.0,0,0,0,20543.0,0,0,0,0,0,0,0,0,0,0,0,0,0,0,0,6851.0,0,0,0,0,0,0,0,6017.0,0,0,0
153,142,Frankfurt/M III,123381.0,80576.0,3226.0,77350.0,16468.0,0,0,0,31218.0,0,0,0,19017.0,0,0,0,0,0,0,0,0,0,0,0,0,0,0,0,6596.0,0,0,0,0,0,0,0,4051.0,0,0,0
154,143,Groß-Gerau,147467.0,121850.0,11648.0,110202.0,29806.0,0,0,0,42729.0,0,0,0,27030.0,0,0,0,0,0,0,0,0,0,0,0,0,0,0,0,10637.0,0,0,0,0,0,0,0,0.0,0,0,0
155,144,Offenbach/M,149947.0,125586.0,9642.0,115944.0,28286.0,0,0,0,43119.0,0,0,0,20108.0,0,0,0,0,0,0,0,0,0,0,0,0,0,0,0,11186.0,0,0,0,0,0,0,0,13245.0,0,0,0
156,145,Darmstadt,119379.0,96485.0,6913.0,89572.0,10614.0,0,0,0,31114.0,0,0,0,32948.0,0,0,0,0,0,0,0,0,0,0,0,0,0,0,0,9702.0,0,0,0,0,0,0,0,5194.0,0,0,0
157,146,Dieburg,103842.0,83584.0,6496.0,77088.0,18374.0,0,0,0,28199.0,0,0,0,15408.0,0,0,0,0,0,0,0,0,0,0,0,0,0,0,0,6752.0,0,0,0,0,0,0,0,8355.0,0,0,0
158,147,Bergstraße,110164.0,86169.0,5346.0,80823.0,28555.0,0,0,0,20869.0,0,0,0,16472.0,0,0,0,0,0,0,0,0,0,0,0,0,0,0,0,6960.0,0,0,0,0,0,0,0,7967.0,0,0,0
159,906,Hessen,2906239.0,2247390.0,119112.0,2128278.0,454437.0,0,0,0,684042.0,0,0,0,597081.0,0,0,0,0,0,0,0,0,0,0,0,0,0,0,0,142539.0,0,0,0,0,0,0,0,250179.0,0,0,0
161,148,Altenkirchen (Westerwald),140605.0,115919.0,5586.0,110333.0,59150.0,0,0,0,30701.0,0,0,0,15561.0,0,0,0,0,0,0,0,0,0,0,0,0,0,0,0,4921.0,0,0,0,0,0,0,0,0.0,0,0,0
162,149,Ahrweiler,114953.0,95397.0,4809.0,90588.0,61509.0,0,0,0,17045.0,0,0,0,8783.0,0,0,0,0,0,0,0,0,0,0,0,0,0,0,0,3251.0,0,0,0,0,0,0,0,0.0,0,0,0
163,150,Koblenz,117955.0,95068.0,5163.0,89905.0,51672.0,0,0,0,22480.0,0,0,0,11542.0,0,0,0,0,0,0,0,0,0,0,0,0,0,0,0,4211.0,0,0,0,0,0,0,0,0.0,0,0,0
164,151,Cochem,110534.0,87562.0,4968.0,82594.0,55041.0,0,0,0,9057.0,0,0,0,17190.0,0,0,0,0,0,0,0,0,0,0,0,0,0,0,0,1306.0,0,0,0,0,0,0,0,0.0,0,0,0
165,152,Kreuznach,122976.0,88400.0,4464.0,83936.0,28816.0,0,0,0,22922.0,0,0,0,25507.0,0,0,0,0,0,0,0,0,0,0,0,0,0,0,0,6691.0,0,0,0,0,0,0,0,0.0,0,0,0
166,153,Prüm,111829.0,90735.0,5169.0,85566.0,68649.0,0,0,0,8794.0,0,0,0,6918.0,0,0,0,0,0,0,0,0,0,0,0,0,0,0,0,1205.0,0,0,0,0,0,0,0,0.0,0,0,0
167,154,Trier,121858.0,100227.0,7048.0,93179.0,60401.0,0,0,0,17261.0,0,0,0,12428.0,0,0,0,0,0,0,0,0,0,0,0,0,0,0,0,3089.0,0,0,0,0,0,0,0,0.0,0,0,0
168,155,Westerburg,153801.0,112133.0,6358.0,105775.0,56811.0,0,0,0,29825.0,0,0,0,14599.0,0,0,0,0,0,0,0,0,0,0,0,0,0,0,0,4540.0,0,0,0,0,0,0,0,0.0,0,0,0
169,156,Mainz,122807.0,95589.0,5165.0,90424.0,35567.0,0,0,0,30227.0,0,0,0,17780.0,0,0,0,0,0,0,0,0,0,0,0,0,0,0,0,6850.0,0,0,0,0,0,0,0,0.0,0,0,0
170,157,Worms,124488.0,97331.0,5216.0,92115.0,25812.0,0,0,0,33708.0,0,0,0,21917.0,0,0,0,0,0,0,0,0,0,0,0,0,0,0,0,5803.0,0,0,0,0,0,0,0,4875.0,0,0,0
171,158,Ludwigshafen am Rhein,130924.0,108024.0,6591.0,101433.0,30081.0,0,0,0,43763.0,0,0,0,12641.0,0,0,0,0,0,0,0,0,0,0,0,0,0,0,0,14948.0,0,0,0,0,0,0,0,0.0,0,0,0
172,159,Neustadt an der Weinstraße,136327.0,109983.0,5626.0,104357.0,35883.0,0,0,0,41074.0,0,0,0,19498.0,0,0,0,0,0,0,0,0,0,0,0,0,0,0,0,7902.0,0,0,0,0,0,0,0,0.0,0,0,0
173,160,Kaiserslautern,135636.0,105152.0,5290.0,99862.0,32436.0,0,0,0,36487.0,0,0,0,18987.0,0,0,0,0,0,0,0,0,0,0,0,0,0,0,0,11952.0,0,0,0,0,0,0,0,0.0,0,0,0
174,161,Zweibrücken,126504.0,103344.0,5855.0,97489.0,45447.0,0,0,0,33703.0,0,0,0,10753.0,0,0,0,0,0,0,0,0,0,0,0,0,0,0,0,7586.0,0,0,0,0,0,0,0,0.0,0,0,0
175,162,Speyer,129600.0,108892.0,4892.0,104000.0,54850.0,0,0,0,31858.0,0,0,0,12521.0,0,0,0,0,0,0,0,0,0,0,0,0,0,0,0,4771.0,0,0,0,0,0,0,0,0.0,0,0,0
176,907,Rheinland-Pfalz,1900797.0,1513756.0,82200.0,1431556.0,702125.0,0,0,0,408905.0,0,0,0,226625.0,0,0,0,0,0,0,0,0,0,0,0,0,0,0,0,89026.0,0,0,0,0,0,0,0,4875.0,0,0,0
178,163,Stuttgart I (West),164251.0,111699.0,3474.0,108225.0,20820.0,0,0,0,31694.0,0,0,0,29470.0,0,0,0,0,0,0,0,0,0,0,0,0,0,0,0,10808.0,0,0,0,0,0,0,0,15433.0,0,0,0
179,164,Stuttgart II (Ost),170618.0,120012.0,4034.0,115978.0,21215.0,0,0,0,38338.0,0,0,0,27771.0,0,0,0,0,0,0,0,0,0,0,0,0,0,0,0,14372.0,0,0,0,0,0,0,0,14282.0,0,0,0
180,165,Ludwigsburg,115428.0,87499.0,2858.0,84641.0,13874.0,0,0,0,22576.0,0,0,0,22411.0,0,0,0,0,0,0,0,0,0,0,0,0,0,0,0,6179.0,0,0,0,0,0,0,0,19601.0,0,0,0
181,166,Heilbronn,126848.0,92160.0,3937.0,88223.0,20258.0,0,0,0,23110.0,0,0,0,24874.0,0,0,0,0,0,0,0,0,0,0,0,0,0,0,0,7083.0,0,0,0,0,0,0,0,12898.0,0,0,0
182,167,Böblingen,139752.0,95002.0,3414.0,91588.0,27273.0,0,0,0,21722.0,0,0,0,14486.0,0,0,0,0,0,0,0,0,0,0,0,0,0,0,0,6492.0,0,0,0,0,0,0,0,21615.0,0,0,0
183,168,Eßlingen,131741.0,99268.0,2705.0,96563.0,25312.0,0,0,0,26059.0,0,0,0,11114.0,0,0,0,0,0,0,0,0,0,0,0,0,0,0,0,7009.0,0,0,0,0,0,0,0,27069.0,0,0,0
184,169,Göppingen,139345.0,104272.0,2161.0,102111.0,27503.0,0,0,0,21492.0,0,0,0,13053.0,0,0,0,0,0,0,0,0,0,0,0,0,0,0,0,5029.0,0,0,0,0,0,0,0,35034.0,0,0,0
185,170,Ulm,149509.0,105131.0,3021.0,102110.0,40927.0,0,0,0,27399.0,0,0,0,12898.0,0,0,0,0,0,0,0,0,0,0,0,0,0,0,0,4230.0,0,0,0,0,0,0,0,16656.0,0,0,0
186,171,Aalen,135175.0,104557.0,3471.0,101086.0,53498.0,0,0,0,15106.0,0,0,0,8400.0,0,0,0,0,0,0,0,0,0,0,0,0,0,0,0,3655.0,0,0,0,0,0,0,0,20427.0,0,0,0
187,172,Backnang,82881.0,56291.0,1189.0,55102.0,16783.0,0,0,0,8973.0,0,0,0,16166.0,0,0,0,0,0,0,0,0,0,0,0,0,0,0,0,2330.0,0,0,0,0,0,0,0,10850.0,0,0,0
188,173,Crailsheim,112605.0,78318.0,1686.0,76632.0,27219.0,0,0,0,8241.0,0,0,0,24200.0,0,0,0,0,0,0,0,0,0,0,0,0,0,0,0,1430.0,0,0,0,0,0,0,0,15542.0,0,0,0
189,174,Waiblingen,88614.0,60645.0,2358.0,58287.0,16072.0,0,0,0,14687.0,0,0,0,23491.0,0,0,0,0,0,0,0,0,0,0,0,0,0,0,0,4037.0,0,0,0,0,0,0,0,0.0,0,0,0
190,175,Karlsruhe-Stadt,134557.0,97860.0,6227.0,91633.0,25064.0,0,0,0,33863.0,0,0,0,15125.0,0,0,0,0,0,0,0,0,0,0,0,0,0,0,0,9026.0,0,0,0,0,0,0,0,8555.0,0,0,0
191,176,Mannheim-Stadt,160431.0,100312.0,2424.0,97888.0,24100.0,0,0,0,37471.0,0,0,0,12594.0,0,0,0,0,0,0,0,0,0,0,0,0,0,0,0,18312.0,0,0,0,0,0,0,0,5411.0,0,0,0
192,177,Heidelberg,160180.0,121459.0,6618.0,114841.0,42175.0,0,0,0,34135.0,0,0,0,25557.0,0,0,0,0,0,0,0,0,0,0,0,0,0,0,0,8337.0,0,0,0,0,0,0,0,4637.0,0,0,0
193,178,Karlsruhe-Land,149873.0,110856.0,10335.0,100521.0,34688.0,0,0,0,28715.0,0,0,0,13091.0,0,0,0,0,0,0,0,0,0,0,0,0,0,0,0,8097.0,0,0,0,0,0,0,0,15930.0,0,0,0
194,179,Bruchsal,83483.0,64744.0,5771.0,58973.0,28752.0,0,0,0,12586.0,0,0,0,5539.0,0,0,0,0,0,0,0,0,0,0,0,0,0,0,0,2586.0,0,0,0,0,0,0,0,9510.0,0,0,0
195,180,Mannheim-Land,87648.0,72654.0,3960.0,68694.0,17551.0,0,0,0,14244.0,0,0,0,0.0,0,0,0,0,0,0,0,0,0,0,0,0,0,0,0,6883.0,0,0,0,0,0,0,0,30016.0,0,0,0
196,181,Sinsheim,88927.0,66778.0,3020.0,63758.0,24088.0,0,0,0,10928.0,0,0,0,8937.0,0,0,0,0,0,0,0,0,0,0,0,0,0,0,0,2158.0,0,0,0,0,0,0,0,17647.0,0,0,0
197,182,Tauberbischofsheim,95408.0,75822.0,3405.0,72417.0,35416.0,0,0,0,9898.0,0,0,0,9321.0,0,0,0,0,0,0,0,0,0,0,0,0,0,0,0,1230.0,0,0,0,0,0,0,0,16552.0,0,0,0
198,183,Konstanz,108483.0,73901.0,3503.0,70398.0,35524.0,0,0,0,16386.0,0,0,0,11276.0,0,0,0,0,0,0,0,0,0,0,0,0,0,0,0,3405.0,0,0,0,0,0,0,0,3807.0,0,0,0
199,184,Donaueschingen,114228.0,82120.0,3056.0,79064.0,43145.0,0,0,0,15574.0,0,0,0,15115.0,0,0,0,0,0,0,0,0,0,0,0,0,0,0,0,2782.0,0,0,0,0,0,0,0,2448.0,0,0,0
200,185,Lörrach,121553.0,81351.0,3576.0,77775.0,32117.0,0,0,0,24743.0,0,0,0,14381.0,0,0,0,0,0,0,0,0,0,0,0,0,0,0,0,4510.0,0,0,0,0,0,0,0,2024.0,0,0,0
201,186,Freiburg,106097.0,73967.0,2576.0,71391.0,34704.0,0,0,0,19391.0,0,0,0,10684.0,0,0,0,0,0,0,0,0,0,0,0,0,0,0,0,2580.0,0,0,0,0,0,0,0,4032.0,0,0,0
202,187,Emmendingen,117373.0,83473.0,4432.0,79041.0,41719.0,0,0,0,20510.0,0,0,0,11704.0,0,0,0,0,0,0,0,0,0,0,0,0,0,0,0,2467.0,0,0,0,0,0,0,0,2641.0,0,0,0
203,188,Offenburg,121216.0,86249.0,4807.0,81442.0,40332.0,0,0,0,16601.0,0,0,0,19062.0,0,0,0,0,0,0,0,0,0,0,0,0,0,0,0,2852.0,0,0,0,0,0,0,0,2595.0,0,0,0
204,189,Rastatt,124974.0,89178.0,5566.0,83612.0,49735.0,0,0,0,15394.0,0,0,0,12390.0,0,0,0,0,0,0,0,0,0,0,0,0,0,0,0,4159.0,0,0,0,0,0,0,0,1934.0,0,0,0
205,190,Reutlingen,135825.0,83492.0,2524.0,80968.0,26346.0,0,0,0,26977.0,0,0,0,17246.0,0,0,0,0,0,0,0,0,0,0,0,0,0,0,0,7647.0,0,0,0,0,0,0,0,2752.0,0,0,0
206,191,Calw,118842.0,58758.0,2087.0,56671.0,26382.0,0,0,0,13141.0,0,0,0,13242.0,0,0,0,0,0,0,0,0,0,0,0,0,0,0,0,3906.0,0,0,0,0,0,0,0,0.0,0,0,0
207,192,Rottweil ,106059.0,68192.0,2606.0,65586.0,33136.0,0,0,0,14537.0,0,0,0,11695.0,0,0,0,0,0,0,0,0,0,0,0,0,0,0,0,5105.0,0,0,0,0,0,0,0,1113.0,0,0,0
208,193,Balingen,124274.0,77493.0,2581.0,74912.0,44414.0,0,0,0,13042.0,0,0,0,13894.0,0,0,0,0,0,0,0,0,0,0,0,0,0,0,0,3562.0,0,0,0,0,0,0,0,0.0,0,0,0
209,194,Biberach,116109.0,87437.0,2757.0,84680.0,69471.0,0,0,0,6287.0,0,0,0,6335.0,0,0,0,0,0,0,0,0,0,0,0,0,0,0,0,1672.0,0,0,0,0,0,0,0,915.0,0,0,0
210,195,Ravensburg,124623.0,93824.0,3182.0,90642.0,68215.0,0,0,0,11686.0,0,0,0,6859.0,0,0,0,0,0,0,0,0,0,0,0,0,0,0,0,1981.0,0,0,0,0,0,0,0,1901.0,0,0,0
211,908,Baden-Württemberg,4056930.0,2864774.0,119321.0,2745453.0,1087828.0,0,0,0,655506.0,0,0,0,482381.0,0,0,0,0,0,0,0,0,0,0,0,0,0,0,0,175911.0,0,0,0,0,0,0,0,343827.0,0,0,0
213,196,Altötting,123538.0,106225.0,1532.0,104693.0,26515.0,0,0,0,17037.0,0,0,0,4065.0,0,0,0,0,0,0,0,0,0,0,0,0,0,0,0,2512.0,0,0,0,0,0,0,0,54564.0,0,0,0
214,197,Fürstenfeldbruck,118129.0,96274.0,1695.0,94579.0,25615.0,0,0,0,20381.0,0,0,0,6754.0,0,0,0,0,0,0,0,0,0,0,0,0,0,0,0,3363.0,0,0,0,0,0,0,0,38466.0,0,0,0
215,198,Ingolstadt,138084.0,114208.0,1858.0,112350.0,33128.0,0,0,0,20779.0,0,0,0,4090.0,0,0,0,0,0,0,0,0,0,0,0,0,0,0,0,2956.0,0,0,0,0,0,0,0,51397.0,0,0,0
216,199,Miesbach,119876.0,97300.0,1784.0,95516.0,21804.0,0,0,0,20747.0,0,0,0,11067.0,0,0,0,0,0,0,0,0,0,0,0,0,0,0,0,4084.0,0,0,0,0,0,0,0,37814.0,0,0,0
217,200,München-Nord,148665.0,98035.0,1422.0,96613.0,17417.0,0,0,0,23113.0,0,0,0,12205.0,0,0,0,0,0,0,0,0,0,0,0,0,0,0,0,8810.0,0,0,0,0,0,0,0,35068.0,0,0,0
218,201,München-Ost,147444.0,99498.0,1492.0,98006.0,16502.0,0,0,0,30189.0,0,0,0,8570.0,0,0,0,0,0,0,0,0,0,0,0,0,0,0,0,11225.0,0,0,0,0,0,0,0,31520.0,0,0,0
219,202,München-Süd,146452.0,100148.0,1461.0,98687.0,18076.0,0,0,0,27320.0,0,0,0,9299.0,0,0,0,0,0,0,0,0,0,0,0,0,0,0,0,9702.0,0,0,0,0,0,0,0,34290.0,0,0,0
220,203,München-West,145920.0,99760.0,1573.0,98187.0,16479.0,0,0,0,26595.0,0,0,0,9405.0,0,0,0,0,0,0,0,0,0,0,0,0,0,0,0,9243.0,0,0,0,0,0,0,0,36465.0,0,0,0
221,204,München-Land,143896.0,114154.0,1825.0,112329.0,27115.0,0,0,0,22723.0,0,0,0,7558.0,0,0,0,0,0,0,0,0,0,0,0,0,0,0,0,3915.0,0,0,0,0,0,0,0,51018.0,0,0,0
222,205,Rosenheim,136836.0,112527.0,1814.0,110713.0,25403.0,0,0,0,20280.0,0,0,0,7197.0,0,0,0,0,0,0,0,0,0,0,0,0,0,0,0,4697.0,0,0,0,0,0,0,0,53136.0,0,0,0
223,206,Traunstein,132617.0,111015.0,3067.0,107948.0,24825.0,0,0,0,21166.0,0,0,0,7998.0,0,0,0,0,0,0,0,0,0,0,0,0,0,0,0,3755.0,0,0,0,0,0,0,0,50204.0,0,0,0
224,207,Weilheim,135175.0,112209.0,2469.0,109740.0,31641.0,0,0,0,22019.0,0,0,0,10372.0,0,0,0,0,0,0,0,0,0,0,0,0,0,0,0,4080.0,0,0,0,0,0,0,0,41628.0,0,0,0
225,208,Deggendorf,119462.0,96738.0,1176.0,95562.0,23880.0,0,0,0,14180.0,0,0,0,3043.0,0,0,0,0,0,0,0,0,0,0,0,0,0,0,0,3023.0,0,0,0,0,0,0,0,51436.0,0,0,0
226,209,Landshut,123381.0,104898.0,1496.0,103402.0,25625.0,0,0,0,21424.0,0,0,0,6972.0,0,0,0,0,0,0,0,0,0,0,0,0,0,0,0,2768.0,0,0,0,0,0,0,0,46613.0,0,0,0
227,210,Passau,102784.0,84673.0,1123.0,83550.0,27561.0,0,0,0,12277.0,0,0,0,2351.0,0,0,0,0,0,0,0,0,0,0,0,0,0,0,0,1626.0,0,0,0,0,0,0,0,39735.0,0,0,0
228,211,Pfarrkirchen,105698.0,89875.0,1060.0,88815.0,21245.0,0,0,0,7452.0,0,0,0,2251.0,0,0,0,0,0,0,0,0,0,0,0,0,0,0,0,977.0,0,0,0,0,0,0,0,56890.0,0,0,0
229,212,Straubing,114249.0,95020.0,998.0,94022.0,28481.0,0,0,0,11760.0,0,0,0,2416.0,0,0,0,0,0,0,0,0,0,0,0,0,0,0,0,1948.0,0,0,0,0,0,0,0,49417.0,0,0,0
230,213,Vilshofen,111862.0,93812.0,1464.0,92348.0,22791.0,0,0,0,11945.0,0,0,0,1748.0,0,0,0,0,0,0,0,0,0,0,0,0,0,0,0,1723.0,0,0,0,0,0,0,0,54141.0,0,0,0
231,214,Amberg,124724.0,108012.0,2052.0,105960.0,35502.0,0,0,0,23747.0,0,0,0,5797.0,0,0,0,0,0,0,0,0,0,0,0,0,0,0,0,2731.0,0,0,0,0,0,0,0,38183.0,0,0,0
232,215,Burglengenfeld,104094.0,91186.0,1699.0,89487.0,33144.0,0,0,0,21813.0,0,0,0,2907.0,0,0,0,0,0,0,0,0,0,0,0,0,0,0,0,2944.0,0,0,0,0,0,0,0,28679.0,0,0,0
233,216,Cham,99429.0,85285.0,1614.0,83671.0,30335.0,0,0,0,18632.0,0,0,0,3456.0,0,0,0,0,0,0,0,0,0,0,0,0,0,0,0,2210.0,0,0,0,0,0,0,0,29038.0,0,0,0
234,217,Regensburg,128586.0,104608.0,1810.0,102798.0,34809.0,0,0,0,19981.0,0,0,0,3996.0,0,0,0,0,0,0,0,0,0,0,0,0,0,0,0,4926.0,0,0,0,0,0,0,0,39086.0,0,0,0
235,218,Tirschenreuth,110024.0,97118.0,2165.0,94953.0,33921.0,0,0,0,26798.0,0,0,0,5090.0,0,0,0,0,0,0,0,0,0,0,0,0,0,0,0,3327.0,0,0,0,0,0,0,0,25817.0,0,0,0
236,219,Bamberg,116271.0,99940.0,2043.0,97897.0,32305.0,0,0,0,17973.0,0,0,0,6328.0,0,0,0,0,0,0,0,0,0,0,0,0,0,0,0,2843.0,0,0,0,0,0,0,0,38448.0,0,0,0
237,220,Bayreuth,123089.0,99775.0,3346.0,96429.0,17321.0,0,0,0,38277.0,0,0,0,14593.0,0,0,0,0,0,0,0,0,0,0,0,0,0,0,0,5692.0,0,0,0,0,0,0,0,20546.0,0,0,0
238,221,Coburg,132307.0,111029.0,2604.0,108425.0,20176.0,0,0,0,38682.0,0,0,0,20999.0,0,0,0,0,0,0,0,0,0,0,0,0,0,0,0,4172.0,0,0,0,0,0,0,0,24396.0,0,0,0
239,222,Forchheim,112441.0,95639.0,2391.0,93248.0,32574.0,0,0,0,17238.0,0,0,0,7639.0,0,0,0,0,0,0,0,0,0,0,0,0,0,0,0,1655.0,0,0,0,0,0,0,0,34142.0,0,0,0
240,223,Hof,126220.0,103816.0,4096.0,99720.0,16393.0,0,0,0,34904.0,0,0,0,14564.0,0,0,0,0,0,0,0,0,0,0,0,0,0,0,0,6026.0,0,0,0,0,0,0,0,27833.0,0,0,0
241,224,Kulmbach,119924.0,100512.0,2372.0,98140.0,19204.0,0,0,0,27040.0,0,0,0,11511.0,0,0,0,0,0,0,0,0,0,0,0,0,0,0,0,3335.0,0,0,0,0,0,0,0,37050.0,0,0,0
242,225,Ansbach,135617.0,107855.0,6469.0,101386.0,35419.0,0,0,0,18093.0,0,0,0,24341.0,0,0,0,0,0,0,0,0,0,0,0,0,0,0,0,1919.0,0,0,0,0,0,0,0,21614.0,0,0,0
243,226,Erlangen,123182.0,99925.0,2948.0,96977.0,18479.0,0,0,0,26026.0,0,0,0,19062.0,0,0,0,0,0,0,0,0,0,0,0,0,0,0,0,3682.0,0,0,0,0,0,0,0,29728.0,0,0,0
244,227,Nürnberg,168194.0,133298.0,4888.0,128410.0,20053.0,0,0,0,50882.0,0,0,0,17558.0,0,0,0,0,0,0,0,0,0,0,0,0,0,0,0,13420.0,0,0,0,0,0,0,0,26497.0,0,0,0
245,228,Nürnberg  Fürth,157929.0,126098.0,4507.0,121591.0,16062.0,0,0,0,45289.0,0,0,0,16775.0,0,0,0,0,0,0,0,0,0,0,0,0,0,0,0,12003.0,0,0,0,0,0,0,0,31462.0,0,0,0
246,229,Schwabach,129272.0,106247.0,5434.0,100813.0,20753.0,0,0,0,33759.0,0,0,0,20486.0,0,0,0,0,0,0,0,0,0,0,0,0,0,0,0,7046.0,0,0,0,0,0,0,0,18769.0,0,0,0
247,230,Weißenburg,140136.0,116938.0,2836.0,114102.0,48671.0,0,0,0,25330.0,0,0,0,11691.0,0,0,0,0,0,0,0,0,0,0,0,0,0,0,0,2811.0,0,0,0,0,0,0,0,25599.0,0,0,0
248,231,Aschaffenburg,145831.0,121958.0,4783.0,117175.0,54806.0,0,0,0,25534.0,0,0,0,3863.0,0,0,0,0,0,0,0,0,0,0,0,0,0,0,0,3749.0,0,0,0,0,0,0,0,29223.0,0,0,0
249,232,Bad Kissingen,127382.0,105557.0,2416.0,103141.0,43704.0,0,0,0,17390.0,0,0,0,7827.0,0,0,0,0,0,0,0,0,0,0,0,0,0,0,0,1687.0,0,0,0,0,0,0,0,32533.0,0,0,0
250,233,Karlstadt,115544.0,96456.0,2717.0,93739.0,50582.0,0,0,0,14906.0,0,0,0,3911.0,0,0,0,0,0,0,0,0,0,0,0,0,0,0,0,2027.0,0,0,0,0,0,0,0,22313.0,0,0,0
251,234,Schweinfurt,130819.0,109113.0,3152.0,105961.0,40746.0,0,0,0,24773.0,0,0,0,9061.0,0,0,0,0,0,0,0,0,0,0,0,0,0,0,0,2887.0,0,0,0,0,0,0,0,28494.0,0,0,0
252,235,Würzburg,144858.0,113639.0,3059.0,110580.0,48422.0,0,0,0,23919.0,0,0,0,7541.0,0,0,0,0,0,0,0,0,0,0,0,0,0,0,0,5296.0,0,0,0,0,0,0,0,25402.0,0,0,0
253,236,Augsburg-Stadt,126365.0,94287.0,3062.0,91225.0,26411.0,0,0,0,24245.0,0,0,0,7851.0,0,0,0,0,0,0,0,0,0,0,0,0,0,0,0,6275.0,0,0,0,0,0,0,0,26443.0,0,0,0
254,237,Augsburg-Land,123890.0,102299.0,3853.0,98446.0,38994.0,0,0,0,21032.0,0,0,0,4335.0,0,0,0,0,0,0,0,0,0,0,0,0,0,0,0,2568.0,0,0,0,0,0,0,0,31517.0,0,0,0
255,238,Dillingen,116971.0,92776.0,2659.0,90117.0,32010.0,0,0,0,18144.0,0,0,0,4499.0,0,0,0,0,0,0,0,0,0,0,0,0,0,0,0,1991.0,0,0,0,0,0,0,0,33473.0,0,0,0
256,239,Donauwörth,111674.0,91736.0,4818.0,86918.0,31470.0,0,0,0,14876.0,0,0,0,6359.0,0,0,0,0,0,0,0,0,0,0,0,0,0,0,0,1763.0,0,0,0,0,0,0,0,32450.0,0,0,0
257,240,Kaufbeuren,118544.0,99058.0,2171.0,96887.0,30374.0,0,0,0,16157.0,0,0,0,6368.0,0,0,0,0,0,0,0,0,0,0,0,0,0,0,0,1691.0,0,0,0,0,0,0,0,42297.0,0,0,0
258,241,Kempten,142635.0,115775.0,3410.0,112365.0,48882.0,0,0,0,21526.0,0,0,0,10020.0,0,0,0,0,0,0,0,0,0,0,0,0,0,0,0,2875.0,0,0,0,0,0,0,0,29062.0,0,0,0
259,242,Memmingen,114155.0,95272.0,5270.0,90002.0,34823.0,0,0,0,17063.0,0,0,0,8356.0,0,0,0,0,0,0,0,0,0,0,0,0,0,0,0,1894.0,0,0,0,0,0,0,0,27866.0,0,0,0
260,909,Bayern,5984175.0,4851576.0,123953.0,4727623.0,1380448.0,0,0,0,1075416.0,0,0,0,404145.0,0,0,0,0,0,0,0,0,0,0,0,0,0,0,0,195852.0,0,0,0,0,0,0,0,1671762.0,0,0,0
261,999,Bundesgebiet ohne Berlin,31207620.0,24495614.0,763216.0,23732398.0,7359084.0,0,0,0,6934975.0,0,0,0,2829920.0,0,0,0,0,0,0,0,0,0,0,0,0,0,0,0,1361706.0,0,0,0,0,0,0,0,5246713.0,0,0,0
