,Wahlkreis,Gebiet,Wahlberechtigte,Wähler,Ungültige,Ungültige:2,Gültige,Gültige:2,CDU/CSU,CDU/CSU_prev,CDU/CSU:2,CDU/CSU:2_prev,SPD,SPD_prev,SPD:2,SPD:2_prev,FDP,FDP_prev,FDP:2,FDP:2_prev,GRUENE,GRUENE_prev,GRUENE:2,GRUENE:2_prev,LINKE,LINKE_prev,LINKE:2,LINKE:2_prev,AFD,AFD_prev,AFD:2,AFD:2_prev,KPD,KPD_prev,KPD:2,KPD:2_prev,BHE,BHE_prev,BHE:2,BHE:2_prev,OTHER,OTHER_prev,OTHER:2,OTHER:2_prev
2,2,NORDFRIESLAND - DITHMARSCHEN-NORD,161775,140172,1557,1138,138615,139034,61095,0,59043,0,62208,0,60055,0,14911,0,17465,0,0,0,2059,0,0,0,0,0,0,0,0,0,269,0,112,0,0,0,0,0,132,0,300,0
3,3,STEINBURG - DITHMARSCHEN-SUED,152841,136079,1654,1257,134425,134822,57716,0,55511,0,64677,0,62425,0,8586,0,14658,0,2276,0,1714,0,0,0,0,0,0,0,0,0,223,0,167,0,0,0,0,0,947,0,347,0
4,4,RENDSBURG-ECKERNFOERDE,180189,161481,1555,1115,159926,160366,67609,0,64721,0,79655,0,73306,0,10267,0,19791,0,2047,0,2130,0,0,0,0,0,0,0,0,0,186,0,149,0,0,0,0,0,162,0,269,0
5,5,KIEL,183474,161614,1482,887,160132,160727,53672,0,51817,0,93279,0,86724,0,10015,0,18925,0,2338,0,2415,0,0,0,0,0,0,0,0,0,366,0,318,0,0,0,0,0,462,0,528,0
6,6,PLOEN - NEUMUENSTER,149934,134612,1862,1032,132750,133580,53128,0,51419,0,68249,0,65030,0,8882,0,14865,0,2118,0,1770,0,0,0,0,0,0,0,0,0,233,0,215,0,0,0,0,0,140,0,281,0
7,7,PINNEBERG,191079,173117,2458,1356,170659,171761,67496,0,65222,0,82887,0,77543,0,16513,0,25572,0,3065,0,2610,0,0,0,0,0,0,0,0,0,566,0,468,0,0,0,0,0,132,0,346,0
8,8,SEGEBERG - STORMARN-NORD,198580,177974,1703,1168,176271,176806,76276,0,71435,0,80830,0,75846,0,15663,0,26575,0,3143,0,2385,0,0,0,0,0,0,0,0,0,286,0,227,0,0,0,0,0,73,0,338,0
9,9,OSTHOLSTEIN,138094,123838,1316,959,122522,122879,53313,0,50690,0,59750,0,56641,0,9233,0,13839,0,0,0,1364,0,0,0,0,0,0,0,0,0,161,0,125,0,0,0,0,0,65,0,220,0
10,10,HERZOGTUM LAUENBURG - STORMARN-SUED,205065,185685,2526,1361,183159,184324,78031,0,74051,0,85353,0,80010,0,15744,0,26732,0,3609,0,2924,0,0,0,0,0,0,0,0,0,349,0,261,0,0,0,0,0,73,0,346,0
11,11,LUEBECK,171462,149908,2240,1103,147668,148805,53336,0,52787,0,82252,0,76909,0,9766,0,16878,0,1816,0,1576,0,0,0,0,0,0,0,0,0,345,0,276,0,0,0,0,0,153,0,379,0
12,901,SCHLESWIG-HOLSTEIN,1928108,1716553,19708,12636,1696845,1703917,691043,0,662791,0,843976,0,794900,0,132832,0,216552,0,23314,0,23520,0,0,0,0,0,0,0,0,0,3182,0,2474,0,0,0,0,0,2498,0,3680,0
13,12,HAMBURG-MITTE,176223,150935,1585,1092,149350,149843,43692,0,42609,0,85916,0,84507,0,14096,0,17651,0,4329,0,3727,0,0,0,0,0,0,0,0,0,1060,0,914,0,0,0,0,0,257,0,435,0
14,13,HAMBURG-ALTONA,176236,155962,1575,1176,154387,154786,54120,0,51857,0,77769,0,75075,0,15958,0,22543,0,5370,0,4089,0,0,0,0,0,0,0,0,0,947,0,780,0,0,0,0,0,223,0,442,0
15,14,HAMBURG-EIMSBUETTEL,178963,158367,1301,914,157066,157453,51380,0,49116,0,82526,0,78606,0,15422,0,23522,0,6197,0,4758,0,0,0,0,0,0,0,0,0,1284,0,1052,0,0,0,0,0,257,0,399,0
16,15,HAMBURG-NORD,196466,177797,1326,928,176471,176869,63145,0,60888,0,87631,0,81026,0,18787,0,29144,0,5483,0,4476,0,0,0,0,0,0,0,0,0,1267,0,967,0,0,0,0,0,158,0,368,0
17,16,HAMBURG-WANDSBEK,196460,176867,1894,868,174973,175999,57943,0,55107,0,95403,0,89946,0,19982,0,26560,0,0,0,3320,0,0,0,0,0,0,0,0,0,1058,0,665,0,0,0,0,0,587,0,401,0
18,17,HAMBURG-BERGEDORF,182082,162193,1143,950,161050,161243,48160,0,48057,0,98804,0,87990,0,9904,0,21308,0,3329,0,2878,0,0,0,0,0,0,0,0,0,717,0,633,0,0,0,0,0,136,0,377,0
19,18,HAMBURG-HARBURG,146905,131078,1094,803,129984,130275,38820,0,37371,0,77013,0,75007,0,10878,0,14973,0,2453,0,2030,0,0,0,0,0,0,0,0,0,578,0,477,0,0,0,0,0,242,0,417,0
20,902,HAMBURG,1253335,1113199,9918,6731,1103281,1106468,357260,0,345005,0,605062,0,572157,0,105027,0,155701,0,27161,0,25278,0,0,0,0,0,0,0,0,0,6911,0,5488,0,0,0,0,0,1860,0,2839,0
21,19,AURICH - EMDEN,159733,140045,1719,1579,138326,138466,41112,0,39448,0,86252,0,83431,0,7062,0,12743,0,3165,0,2241,0,0,0,0,0,0,0,0,0,507,0,313,0,0,0,0,0,228,0,290,0
22,20,UNTEREMS,174641,153359,1556,1412,151803,151947,77436,0,74675,0,63696,0,63232,0,6759,0,11341,0,3474,0,2277,0,0,0,0,0,0,0,0,0,360,0,212,0,0,0,0,0,78,0,210,0
23,21,FRIESLAND - WILHELMSHAVEN,149505,128324,1334,1090,126990,127234,44085,0,42330,0,69291,0,67181,0,9298,0,15009,0,3818,0,2200,0,0,0,0,0,0,0,0,0,214,0,160,0,0,0,0,0,284,0,354,0
24,22,OLDENBURG - AMMERLAND,199241,171508,1675,1268,169833,170240,56586,0,55173,0,82879,0,83001,0,23422,0,27701,0,5633,0,3196,0,0,0,0,0,0,0,0,0,1219,0,659,0,0,0,0,0,94,0,510,0
25,23,DELMENHORST - WESERMARSCH,192248,167872,1698,1257,166174,166615,57473,0,54888,0,85375,0,83861,0,18368,0,24535,0,4033,0,2629,0,0,0,0,0,0,0,0,0,435,0,277,0,0,0,0,0,490,0,425,0
26,24,CUXHAVEN,145750,127510,1447,965,126063,126545,53293,0,48856,0,64213,0,61054,0,8050,0,13645,0,0,0,2511,0,0,0,0,0,0,0,0,0,376,0,173,0,0,0,0,0,131,0,306,0
27,25,STADE,175341,154887,1837,1351,153050,153536,65866,0,63152,0,71135,0,69563,0,12038,0,17500,0,3642,0,2667,0,0,0,0,0,0,0,0,0,230,0,178,0,0,0,0,0,139,0,476,0
28,26,MITTELEMS,176064,159952,1227,1091,158725,158861,86403,0,83825,0,61450,0,58499,0,7108,0,13874,0,3370,0,2182,0,0,0,0,0,0,0,0,0,319,0,180,0,0,0,0,0,75,0,301,0
29,27,CLOPPENBURG - VECHTA,143191,130427,1506,1247,128921,129180,92177,0,89132,0,28570,0,29755,0,4892,0,7881,0,3077,0,2188,0,0,0,0,0,0,0,0,0,125,0,82,0,0,0,0,0,80,0,142,0
30,28,DIEPHOLZ,138933,121968,1004,853,120964,121115,50671,0,48614,0,55684,0,51647,0,11710,0,18518,0,2639,0,1929,0,0,0,0,0,0,0,0,0,213,0,140,0,0,0,0,0,47,0,267,0
31,29,VERDEN,151109,135363,1186,986,134177,134377,52452,0,49503,0,67877,0,63555,0,9674,0,17735,0,3773,0,3006,0,0,0,0,0,0,0,0,0,301,0,201,0,0,0,0,0,100,0,377,0
32,30,SOLTAU - ROTENBURG,137735,122365,1522,936,120843,121429,56797,0,54163,0,54419,0,51219,0,9232,0,13481,0,0,0,2087,0,0,0,0,0,0,0,0,0,263,0,142,0,0,0,0,0,132,0,337,0
33,31,LUENEBURG - LUECHOW-DANNENBERG,137004,120204,1193,951,119011,119253,52230,0,49862,0,51811,0,50346,0,8939,0,14613,0,5770,0,3931,0,0,0,0,0,0,0,0,0,203,0,159,0,0,0,0,0,58,0,342,0
34,32,OSNABRUECK-LAND,151928,137716,1377,1159,136339,136557,64221,0,61903,0,59768,0,57097,0,8951,0,15068,0,3090,0,2148,0,0,0,0,0,0,0,0,0,225,0,134,0,0,0,0,0,84,0,207,0
35,33,OSNABRUECK,172622,155485,1714,1074,153771,154411,66868,0,63226,0,75965,0,71422,0,10300,0,16895,0,0,0,2297,0,0,0,0,0,0,0,0,0,421,0,198,0,0,0,0,0,217,0,373,0
36,34,NIENBURG - SCHAUMBURG,203471,182158,1556,1240,180602,180918,71198,0,69494,0,94514,0,89393,0,11393,0,19027,0,3162,0,2460,0,0,0,0,0,0,0,0,0,227,0,168,0,0,0,0,0,108,0,376,0
37,35,HARBURG,134056,122054,959,702,121095,121352,53557,0,50952,0,51406,0,48716,0,12937,0,19099,0,2859,0,2158,0,0,0,0,0,0,0,0,0,227,0,155,0,0,0,0,0,109,0,272,0
38,36,STADT HANNOVER I,191218,169497,1703,1175,167794,168322,58711,0,57283,0,90120,0,86785,0,13728,0,20565,0,4512,0,2927,0,0,0,0,0,0,0,0,0,548,0,410,0,0,0,0,0,175,0,352,0
39,37,STADT HANNOVER II,195854,173952,1683,1212,172269,172740,60376,0,58503,0,91734,0,89006,0,15033,0,21282,0,4304,0,3055,0,0,0,0,0,0,0,0,0,669,0,548,0,0,0,0,0,153,0,346,0
40,38,HANNOVER-LAND I,209008,188078,2459,1489,185619,186589,74622,0,70452,0,92813,0,89081,0,14727,0,23857,0,3105,0,2682,0,0,0,0,0,0,0,0,0,301,0,218,0,0,0,0,0,51,0,299,0
41,39,CELLE - UELZEN,198170,177171,1891,1309,175280,175862,82266,0,79337,0,76169,0,72752,0,12776,0,20263,0,3679,0,2771,0,0,0,0,0,0,0,0,0,330,0,223,0,0,0,0,0,60,0,516,0
42,40,GIFHORN - PEINE,182053,164971,1442,1199,163529,163772,70781,0,67975,0,79669,0,77456,0,9873,0,15561,0,2832,0,2230,0,0,0,0,0,0,0,0,0,218,0,184,0,0,0,0,0,156,0,366,0
43,41,HAMELN - HOLZMINDEN,194796,178004,1593,1259,176411,176745,67583,0,65485,0,91892,0,90266,0,12780,0,17891,0,3807,0,2609,0,0,0,0,0,0,0,0,0,217,0,155,0,0,0,0,0,132,0,339,0
44,42,HANNOVER-LAND II,192681,176330,2153,1350,174177,174980,65949,0,63467,0,88499,0,86566,0,15486,0,22029,0,3953,0,2518,0,0,0,0,0,0,0,0,0,251,0,181,0,0,0,0,0,39,0,219,0
45,43,HILDESHEIM,211507,193555,1476,1304,192079,192251,75305,0,72786,0,102606,0,98265,0,9940,0,17902,0,3873,0,2789,0,0,0,0,0,0,0,0,0,259,0,191,0,0,0,0,0,96,0,318,0
46,44,SALZGITTER - WOLFENBUETTEL,176413,159326,1435,1105,157891,158221,61048,0,58630,0,85611,0,82606,0,8265,0,14551,0,2652,0,1896,0,0,0,0,0,0,0,0,0,264,0,194,0,0,0,0,0,51,0,344,0
47,45,BRAUNSCHWEIG,200255,175666,1549,976,174117,174690,65777,0,62396,0,89645,0,86852,0,13835,0,21949,0,4002,0,2713,0,0,0,0,0,0,0,0,0,495,0,368,0,0,0,0,0,363,0,412,0
48,46,HELMSTEDT - WOLFSBURG,170209,152000,1573,1055,150427,150945,66097,0,63876,0,72454,0,69946,0,9137,0,14594,0,2455,0,1936,0,0,0,0,0,0,0,0,0,216,0,179,0,0,0,0,0,68,0,414,0
49,47,GOSLAR,150879,136100,1371,954,134729,135146,54976,0,53254,0,68707,0,66404,0,8532,0,13569,0,2180,0,1470,0,0,0,0,0,0,0,0,0,260,0,178,0,0,0,0,0,74,0,271,0
50,48,NORTHEIM - OSTERODE,169014,154080,1495,1227,152585,152853,57523,0,56037,0,82523,0,79662,0,9100,0,14510,0,3156,0,2194,0,0,0,0,0,0,0,0,0,232,0,175,0,0,0,0,0,51,0,275,0
51,49,GOETTINGEN,178947,160906,1303,916,159603,159990,65184,0,63136,0,76492,0,73912,0,12246,0,18726,0,5034,0,3578,0,0,0,0,0,0,0,0,0,511,0,285,0,0,0,0,0,136,0,353,0
52,903,NIEDERSACHSEN,5363576,4790833,47636,35691,4743197,4755142,1968623,0,1891813,0,2313239,0,2232531,0,345591,0,535914,0,101049,0,77475,0,0,0,0,0,0,0,0,0,10636,0,7020,0,0,0,0,0,4059,0,10389,0
53,50,BREMEN-OST,199374,177849,1640,1359,176209,176490,59180,0,55993,0,85522,0,81972,0,22861,0,31261,0,6948,0,5480,0,0,0,0,0,0,0,0,0,1186,0,956,0,0,0,0,0,512,0,828,0
54,51,BREMEN-WEST,144431,126331,1316,1080,125015,125251,33034,0,31704,0,73071,0,71031,0,13487,0,17897,0,3909,0,3010,0,0,0,0,0,0,0,0,0,1077,0,899,0,0,0,0,0,437,0,710,0
55,52,BREMERHAVEN - BREMEN-NORD,179356,155028,1542,1313,153486,153715,45460,0,43320,0,86481,0,85909,0,15462,0,19562,0,5060,0,3810,0,0,0,0,0,0,0,0,0,684,0,429,0,0,0,0,0,339,0,685,0
56,904,BREMEN,523161,459208,4498,3752,454710,455456,137674,0,131017,0,245074,0,238912,0,51810,0,68720,0,15917,0,12300,0,0,0,0,0,0,0,0,0,2947,0,2284,0,0,0,0,0,1288,0,2223,0
57,53,AACHEN,158921,140310,1469,1218,138841,139092,63791,0,61183,0,63160,0,58223,0,8901,0,16727,0,2657,0,2370,0,0,0,0,0,0,0,0,0,217,0,235,0,0,0,0,0,115,0,354,0
58,54,KREIS AACHEN,210218,190945,2040,1905,188905,189040,82144,0,79943,0,93185,0,91496,0,10773,0,15145,0,2403,0,1817,0,0,0,0,0,0,0,0,0,341,0,216,0,0,0,0,0,59,0,423,0
59,55,HEINSBERG,151549,137358,1760,1555,135598,135803,79192,0,76592,0,47701,0,47375,0,6179,0,9913,0,2339,0,1580,0,0,0,0,0,0,0,0,0,187,0,117,0,0,0,0,0,0,0,226,0
60,56,DUEREN,171832,155080,1867,1561,153213,153519,76799,0,74706,0,65383,0,63889,0,8692,0,12885,0,2058,0,1642,0,0,0,0,0,0,0,0,0,225,0,160,0,0,0,0,0,56,0,237,0
61,57,ERFTKREIS I,201086,180699,2085,1476,178614,179223,71040,0,68449,0,94067,0,88346,0,10993,0,20094,0,2237,0,1824,0,0,0,0,0,0,0,0,0,277,0,188,0,0,0,0,0,0,0,322,0
62,58,EUSKIRCHEN - ERFTKREIS II,200534,180686,2353,1994,178333,178692,88393,0,87987,0,67071,0,67997,0,19887,0,20273,0,2689,0,1957,0,0,0,0,0,0,0,0,0,293,0,199,0,0,0,0,0,0,0,279,0
63,59,KOELN I,151890,127197,1379,1081,125818,126116,46647,0,45466,0,63539,0,60136,0,11729,0,17150,0,3195,0,2507,0,0,0,0,0,0,0,0,0,589,0,484,0,0,0,0,0,119,0,373,0
64,60,KOELN II,155477,135532,1339,997,134193,134535,58908,0,56274,0,59011,0,53410,0,13017,0,22027,0,2770,0,2161,0,0,0,0,0,0,0,0,0,410,0,333,0,0,0,0,0,77,0,330,0
65,61,KOELN III,186994,157482,2089,1454,155393,156028,57595,0,55486,0,80900,0,78915,0,12474,0,18170,0,3748,0,2478,0,0,0,0,0,0,0,0,0,515,0,422,0,0,0,0,0,161,0,557,0
66,62,KOELN IV,175092,147785,2096,1402,145689,146383,51244,0,49265,0,78606,0,77450,0,11865,0,16820,0,3227,0,2096,0,0,0,0,0,0,0,0,0,559,0,381,0,0,0,0,0,188,0,371,0
67,63,BONN,203432,181419,1683,1219,179736,180200,88681,0,87596,0,67351,0,60612,0,18619,0,28231,0,4322,0,2917,0,0,0,0,0,0,0,0,0,547,0,409,0,0,0,0,0,216,0,435,0
68,64,RHEIN-SIEG-KREIS I,166509,149615,1731,1269,147884,148346,68928,0,66681,0,62999,0,59938,0,13257,0,19573,0,2489,0,1719,0,0,0,0,0,0,0,0,0,211,0,149,0,0,0,0,0,0,0,286,0
69,65,RHEIN-SIEG-KREIS II,160799,145247,1744,1222,143503,144025,78157,0,75865,0,49088,0,46061,0,12993,0,19828,0,3009,0,1873,0,0,0,0,0,0,0,0,0,256,0,156,0,0,0,0,0,0,0,242,0
70,66,OBERBERGISCHER KREIS,175537,157102,1461,1332,155641,155770,76460,0,69915,0,65396,0,64734,0,10916,0,18674,0,2521,0,1880,0,0,0,0,0,0,0,0,0,310,0,213,0,0,0,0,0,38,0,354,0
71,67,RHEINISCH-BERGISCHER KREIS I,150217,135346,1382,993,133964,134353,64566,0,60585,0,54678,0,50595,0,11540,0,20750,0,2922,0,1943,0,0,0,0,0,0,0,0,0,258,0,191,0,0,0,0,0,0,0,289,0
72,68,LEVERKUSEN - RHEINISCH-BERGISCHER KREIS II,146276,130521,1391,966,129130,129555,50585,0,48772,0,65932,0,61786,0,8940,0,16577,0,3261,0,1900,0,0,0,0,0,0,0,0,0,286,0,215,0,0,0,0,0,126,0,305,0
73,69,WUPPERTAL I,146788,129604,969,847,128635,128757,48593,0,47931,0,58040,0,57905,0,19194,0,20425,0,2092,0,1676,0,0,0,0,0,0,0,0,0,500,0,414,0,0,0,0,0,216,0,406,0
74,70,WUPPERTAL II,140110,123203,1079,875,122124,122328,45582,0,44071,0,62919,0,58014,0,11288,0,18178,0,1836,0,1335,0,0,0,0,0,0,0,0,0,499,0,385,0,0,0,0,0,0,0,345,0
75,71,SOLINGEN - REMSCHEID,211822,184787,1580,1296,183207,183491,72205,0,69428,0,90713,0,85728,0,16264,0,24964,0,2579,0,2168,0,0,0,0,0,0,0,0,0,877,0,697,0,0,0,0,0,569,0,506,0
76,72,METTMANN I,175789,157266,1476,1234,155790,156032,63646,0,61851,0,77023,0,67804,0,11910,0,23166,0,2779,0,2403,0,0,0,0,0,0,0,0,0,386,0,304,0,0,0,0,0,46,0,504,0
77,73,METTMANN II,164542,146985,1231,1085,145754,145900,63237,0,56538,0,70458,0,68333,0,9216,0,18487,0,2284,0,1722,0,0,0,0,0,0,0,0,0,559,0,400,0,0,0,0,0,0,0,420,0
78,74,DUESSELDORF I,233518,205115,1627,1322,203488,203793,89159,0,84217,0,86995,0,86337,0,22101,0,28812,0,4311,0,3208,0,0,0,0,0,0,0,0,0,751,0,680,0,0,0,0,0,171,0,539,0
79,75,DUESSELDORF II,205029,178181,1788,1355,176393,176826,67853,0,65691,0,88635,0,86940,0,15744,0,20557,0,3222,0,2435,0,0,0,0,0,0,0,0,0,837,0,707,0,0,0,0,0,102,0,496,0
80,76,NEUSS I,139543,123182,1121,858,122061,122324,57754,0,55575,0,53592,0,50683,0,8332,0,14002,0,2062,0,1550,0,0,0,0,0,0,0,0,0,278,0,206,0,0,0,0,0,43,0,308,0
81,77,NEUSS II,148170,132571,1294,1002,131277,131569,63922,0,61926,0,53342,0,50818,0,11603,0,16804,0,2177,0,1553,0,0,0,0,0,0,0,0,0,233,0,158,0,0,0,0,0,0,0,310,0
82,78,MOENCHENGLADBACH,189289,159321,1807,1455,157514,157866,76494,0,74787,0,63489,0,63282,0,14125,0,17216,0,2892,0,1904,0,0,0,0,0,0,0,0,0,463,0,311,0,0,0,0,0,51,0,366,0
83,79,KREFELD,169471,146864,1442,1078,145422,145786,64820,0,58511,0,68203,0,66732,0,9684,0,18055,0,2232,0,1806,0,0,0,0,0,0,0,0,0,338,0,273,0,0,0,0,0,145,0,409,0
84,80,VIERSEN,189518,166539,1815,1469,164724,165070,81432,0,79662,0,67532,0,64149,0,12160,0,18522,0,2974,0,2079,0,0,0,0,0,0,0,0,0,323,0,208,0,0,0,0,0,303,0,450,0
85,81,KLEVE,178387,160166,1823,1565,158343,158601,87947,0,85893,0,57966,0,56310,0,8935,0,13662,0,3332,0,2382,0,0,0,0,0,0,0,0,0,163,0,107,0,0,0,0,0,0,0,247,0
86,82,WESEL I,154356,137506,1241,1080,136265,136426,51549,0,49995,0,72843,0,67802,0,9154,0,16462,0,2389,0,1671,0,0,0,0,0,0,0,0,0,330,0,226,0,0,0,0,0,0,0,270,0
87,83,WESEL II,150550,134723,1204,1070,133519,133653,44327,0,43322,0,79101,0,74192,0,7764,0,13957,0,1955,0,1628,0,0,0,0,0,0,0,0,0,258,0,184,0,0,0,0,0,114,0,370,0
88,84,DUISBURG I,213572,188750,2237,1628,186513,187122,59706,0,57208,0,110707,0,108699,0,12073,0,18193,0,3116,0,1968,0,0,0,0,0,0,0,0,0,733,0,572,0,0,0,0,0,178,0,482,0
89,85,DUISBURG II,195392,168399,2180,1500,166219,166899,44634,0,43628,0,108573,0,107205,0,9888,0,13665,0,2324,0,1526,0,0,0,0,0,0,0,0,0,619,0,437,0,0,0,0,0,181,0,438,0
90,86,OBERHAUSEN,173829,151699,2449,1246,149250,150453,48062,0,46633,0,89396,0,88842,0,9049,0,12781,0,2122,0,1475,0,0,0,0,0,0,0,0,0,504,0,365,0,0,0,0,0,117,0,357,0
91,87,MUELHEIM,142206,126253,1132,766,125121,125487,41801,0,39226,0,70696,0,67886,0,9427,0,16192,0,2685,0,1498,0,0,0,0,0,0,0,0,0,442,0,333,0,0,0,0,0,70,0,352,0
92,88,ESSEN I,167173,146252,1559,1137,144693,145115,46879,0,45200,0,85463,0,83157,0,9328,0,14453,0,2236,0,1442,0,0,0,0,0,0,0,0,0,663,0,511,0,0,0,0,0,124,0,352,0
93,89,ESSEN II,145642,125718,1330,864,124388,124854,33578,0,32672,0,82858,0,80758,0,5785,0,9678,0,1456,0,990,0,0,0,0,0,0,0,0,0,628,0,444,0,0,0,0,0,83,0,312,0
94,90,ESSEN III,195779,174204,1503,1101,172701,173103,69773,0,66328,0,84755,0,80524,0,14206,0,23195,0,3186,0,2176,0,0,0,0,0,0,0,0,0,668,0,465,0,0,0,0,0,113,0,415,0
95,91,RECKLINGHAUSEN I,174799,156020,1648,1183,154372,154837,53355,0,52368,0,88773,0,86654,0,8823,0,13329,0,2865,0,1762,0,0,0,0,0,0,0,0,0,556,0,326,0,0,0,0,0,0,0,398,0
96,92,RECKLINGHAUSEN II,186061,167249,1449,1090,165800,166159,62405,0,61650,0,90268,0,87367,0,8718,0,14093,0,3845,0,2350,0,0,0,0,0,0,0,0,0,564,0,316,0,0,0,0,0,0,0,383,0
97,93,GELSENKIRCHEN I,143600,125292,1885,1261,123407,124031,37141,0,36102,0,76773,0,77249,0,6355,0,8486,0,2182,0,1240,0,0,0,0,0,0,0,0,0,866,0,594,0,0,0,0,0,90,0,360,0
98,94,GELSENKIRCHEN II - RECKLINGHAUSEN III,138960,123903,1322,871,122581,123032,38019,0,37237,0,74752,0,74349,0,6953,0,9384,0,2169,0,1320,0,0,0,0,0,0,0,0,0,615,0,400,0,0,0,0,0,73,0,342,0
99,95,BOTTROP - RECKLINGHAUSEN IV,149265,133880,1336,989,132544,132891,43109,0,42203,0,79419,0,78726,0,6160,0,9560,0,1819,0,1178,0,0,0,0,0,0,0,0,0,2037,0,937,0,0,0,0,0,0,0,287,0
100,96,BORKEN,203063,184857,2120,1445,182737,183412,113383,0,111981,0,60901,0,57187,0,7947,0,11792,0,0,0,2003,0,0,0,0,0,0,0,0,0,380,0,173,0,0,0,0,0,126,0,276,0
101,97,COESFELD - STEINFURT I,184749,169650,1784,1286,167866,168364,99497,0,97007,0,52486,0,54448,0,12915,0,14274,0,2698,0,2198,0,0,0,0,0,0,0,0,0,213,0,126,0,0,0,0,0,57,0,311,0
102,98,STEINFURT II,196386,177348,1906,1476,175442,175872,80718,0,78244,0,80088,0,77167,0,11193,0,17691,0,3084,0,2199,0,0,0,0,0,0,0,0,0,280,0,223,0,0,0,0,0,79,0,348,0
103,99,MUENSTER,176220,158354,1423,969,156931,157385,74679,0,72270,0,61043,0,58539,0,14682,0,22440,0,5612,0,3204,0,0,0,0,0,0,0,0,0,709,0,552,0,0,0,0,0,206,0,380,0
104,100,WARENDORF,172457,157272,1547,1360,155725,155912,82053,0,79749,0,57582,0,58823,0,12482,0,14644,0,3111,0,2067,0,0,0,0,0,0,0,0,0,450,0,300,0,0,0,0,0,47,0,329,0
105,101,GUETERSLOH,199003,179381,1757,1490,177624,177891,91930,0,87685,0,69371,0,66660,0,12699,0,20435,0,3362,0,2515,0,0,0,0,0,0,0,0,0,221,0,173,0,0,0,0,0,41,0,423,0
106,102,BIELEFELD,229154,205125,2421,1770,202704,203355,79777,0,76700,0,98723,0,96412,0,17475,0,25580,0,5569,0,3614,0,0,0,0,0,0,0,0,0,867,0,539,0,0,0,0,0,293,0,510,0
107,103,HERFORD,176250,159947,1902,1621,158045,158326,61007,0,58806,0,82290,0,78538,0,11469,0,18279,0,2992,0,2162,0,0,0,0,0,0,0,0,0,239,0,166,0,0,0,0,0,48,0,375,0
108,104,MINDEN-LUEBBECKE,219101,195378,2228,1941,193150,193437,75068,0,72869,0,99356,0,93920,0,15368,0,23866,0,2827,0,2153,0,0,0,0,0,0,0,0,0,371,0,267,0,0,0,0,0,160,0,362,0
109,105,LIPPE I,155276,140778,1497,1269,139281,139509,53958,0,52155,0,69363,0,66793,0,13008,0,18062,0,2620,0,1905,0,0,0,0,0,0,0,0,0,303,0,205,0,0,0,0,0,29,0,389,0
110,106,HOEXTER - LIPPE II,192928,174696,1922,1526,172774,173170,90943,0,88760,0,65706,0,63581,0,12349,0,17887,0,3374,0,2346,0,0,0,0,0,0,0,0,0,229,0,164,0,0,0,0,0,173,0,432,0
111,107,PADERBORN,154304,139013,1557,1141,137456,137872,87835,0,86799,0,37435,0,37362,0,9884,0,11649,0,2132,0,1688,0,0,0,0,0,0,0,0,0,111,0,99,0,0,0,0,0,59,0,275,0
112,108,HAGEN,164321,145730,1827,1227,143903,144503,54597,0,51960,0,75174,0,74576,0,13063,0,15504,0,0,0,1508,0,0,0,0,0,0,0,0,0,940,0,402,0,0,0,0,0,129,0,553,0
113,109,ENNEPE-RUHR-KREIS I,182163,165509,1286,1075,164223,164434,58647,0,55794,0,88684,0,85616,0,13307,0,20211,0,2712,0,1834,0,0,0,0,0,0,0,0,0,832,0,499,0,0,0,0,0,41,0,480,0
114,110,BOCHUM I,199090,176390,1613,1194,174777,175196,55958,0,54474,0,104716,0,102598,0,10348,0,14993,0,2879,0,2123,0,0,0,0,0,0,0,0,0,695,0,467,0,0,0,0,0,181,0,541,0
115,111,BOCHUM II - ENNEPE-RUHR-KREIS II,192858,173121,1663,1383,171458,171738,49962,0,48178,0,105153,0,103473,0,11856,0,16972,0,3736,0,2216,0,0,0,0,0,0,0,0,0,484,0,356,0,0,0,0,0,267,0,543,0
116,112,HERNE,138375,122563,1334,924,121229,121639,35962,0,34696,0,78535,0,76323,0,5826,0,8699,0,0,0,1095,0,0,0,0,0,0,0,0,0,712,0,419,0,0,0,0,0,194,0,407,0
117,113,DORTMUND I,154239,133730,1574,944,132156,132786,43846,0,42847,0,75773,0,75326,0,8367,0,11492,0,3166,0,2022,0,0,0,0,0,0,0,0,0,719,0,540,0,0,0,0,0,285,0,559,0
118,114,DORTMUND II,139360,123621,1319,877,122302,122744,34336,0,33529,0,78450,0,77649,0,6895,0,9433,0,1991,0,1412,0,0,0,0,0,0,0,0,0,460,0,333,0,0,0,0,0,170,0,388,0
119,115,DORTMUND III,166077,149200,1362,916,147838,148284,46584,0,45017,0,86687,0,85044,0,10568,0,15300,0,3091,0,2010,0,0,0,0,0,0,0,0,0,658,0,432,0,0,0,0,0,250,0,481,0
120,116,UNNA I,180867,164507,1691,1319,162816,163188,52154,0,50836,0,96260,0,92626,0,10996,0,17085,0,2827,0,1852,0,0,0,0,0,0,0,0,0,433,0,272,0,0,0,0,0,146,0,517,0
121,117,HAMM - UNNA II,225269,202104,2027,1580,200077,200524,79166,0,74770,0,107948,0,106320,0,9613,0,16510,0,2888,0,2057,0,0,0,0,0,0,0,0,0,403,0,302,0,0,0,0,0,59,0,565,0
122,118,SOEST,187937,169006,1789,1475,167217,167531,83668,0,81153,0,67665,0,66744,0,12745,0,17140,0,2826,0,1891,0,0,0,0,0,0,0,0,0,216,0,159,0,0,0,0,0,97,0,444,0
123,119,HOCHSAUERLANDKREIS,191312,175140,1625,1494,173515,173646,99546,0,97722,0,60699,0,60193,0,10405,0,13503,0,2589,0,1772,0,0,0,0,0,0,0,0,0,207,0,144,0,0,0,0,0,69,0,312,0
124,120,SIEGEN I,162776,145088,1341,1350,143747,143738,60050,0,58290,0,71178,0,65936,0,9875,0,17324,0,2204,0,1518,0,0,0,0,0,0,0,0,0,386,0,282,0,0,0,0,0,54,0,388,0
125,121,OLPE - SIEGEN II,132138,121278,1341,1031,119937,120247,65674,0,63613,0,46042,0,45118,0,7908,0,10164,0,0,0,1022,0,0,0,0,0,0,0,0,0,313,0,129,0,0,0,0,0,0,0,201,0
126,122,MAERKISCHER KREIS I,151917,135057,1593,1105,133464,133952,62405,0,59578,0,59781,0,58370,0,8769,0,13917,0,2248,0,1480,0,0,0,0,0,0,0,0,0,261,0,135,0,0,0,0,0,0,0,472,0
127,123,MAERKISCHER KREIS II,157201,138883,1769,1174,137114,137709,53752,0,52561,0,69976,0,65397,0,11297,0,17682,0,1758,0,1303,0,0,0,0,0,0,0,0,0,331,0,229,0,0,0,0,0,0,0,537,0
128,905,NORDRHEIN-WESTFALEN,12374314,11008682,116614,89233,10892068,10919449,4587267,0,4432661,0,5278416,0,5108147,0,798323,0,1191643,0,187264,0,136278,0,0,0,0,0,0,0,0,0,33594,0,23115,0,0,0,0,0,7204,0,27605,0
129,124,WALDECK,146992,133443,2117,1191,131326,132252,50992,0,50079,0,68438,0,65751,0,9356,0,13921,0,2270,0,2000,0,0,0,0,0,0,0,0,0,270,0,195,0,0,0,0,0,0,0,306,0
130,125,KASSEL,176785,158249,1601,1280,156648,156969,53110,0,51568,0,83440,0,82527,0,15461,0,18286,0,3907,0,3774,0,0,0,0,0,0,0,0,0,600,0,531,0,0,0,0,0,130,0,283,0
131,126,WERRA-MEISSNER,155765,143832,1904,1137,141928,142695,47374,0,46332,0,82541,0,80924,0,8894,0,12717,0,2730,0,2266,0,0,0,0,0,0,0,0,0,342,0,240,0,0,0,0,0,47,0,216,0
132,127,SCHWALM-EDER,141081,128913,1326,1225,127587,127688,50118,0,48540,0,66641,0,64373,0,7660,0,12042,0,2865,0,2327,0,0,0,0,0,0,0,0,0,303,0,202,0,0,0,0,0,0,0,204,0
133,128,HERSFELD,157399,145969,2965,1359,143004,144610,59921,0,59346,0,73067,0,70863,0,7054,0,11514,0,2669,0,2407,0,0,0,0,0,0,0,0,0,293,0,221,0,0,0,0,0,0,0,259,0
134,129,MARBURG,160121,143590,2093,1353,141497,142237,59378,0,57207,0,70140,0,67881,0,6854,0,13049,0,3648,0,2766,0,0,0,0,0,0,0,0,0,1477,0,1020,0,0,0,0,0,0,0,314,0
135,130,LAHN-DILL,193011,170456,1641,1472,168815,168984,67743,0,65763,0,86942,0,83425,0,10810,0,16795,0,2846,0,2314,0,0,0,0,0,0,0,0,0,385,0,282,0,0,0,0,0,89,0,405,0
136,131,GIESSEN,186039,168258,2124,1618,166134,166640,67847,0,66400,0,83494,0,80398,0,10865,0,16256,0,3311,0,2798,0,0,0,0,0,0,0,0,0,495,0,384,0,0,0,0,0,122,0,404,0
137,132,FULDA,209308,191068,4843,2076,186225,188992,104357,0,104373,0,67911,0,67965,0,10471,0,13788,0,3046,0,2229,0,0,0,0,0,0,0,0,0,360,0,273,0,0,0,0,0,80,0,364,0
138,133,HOCHTAUNUS,213898,194489,2070,1394,192419,193095,89536,0,86156,0,82175,0,76386,0,15814,0,26090,0,4392,0,3588,0,0,0,0,0,0,0,0,0,398,0,315,0,0,0,0,0,104,0,560,0
139,134,WETTERAU,184757,167193,1702,1340,165491,165853,69388,0,67172,0,82084,0,78453,0,10405,0,16793,0,3197,0,2605,0,0,0,0,0,0,0,0,0,325,0,236,0,0,0,0,0,92,0,594,0
140,135,RHEINGAU-TAUNUS - LIMBURG,185471,167466,2077,1745,165389,165721,78875,0,77714,0,73300,0,67594,0,9755,0,17059,0,3065,0,2676,0,0,0,0,0,0,0,0,0,297,0,208,0,0,0,0,0,97,0,470,0
141,136,WIESBADEN,194655,167819,1881,1621,165938,166198,67790,0,65786,0,80450,0,74665,0,13694,0,22005,0,3328,0,2788,0,0,0,0,0,0,0,0,0,402,0,329,0,0,0,0,0,274,0,625,0
142,137,HANAU,211116,190406,1445,1366,188961,189040,79341,0,77058,0,92817,0,88565,0,12065,0,19110,0,3691,0,3050,0,0,0,0,0,0,0,0,0,767,0,637,0,0,0,0,0,280,0,620,0
143,138,FRANKFURT AM MAIN I - MAIN-TAUNUS,171275,151784,1549,1388,150235,150396,62705,0,60428,0,69965,0,68136,0,13894,0,18128,0,2996,0,2637,0,0,0,0,0,0,0,0,0,509,0,407,0,0,0,0,0,166,0,660,0
144,139,FRANKFURT AM MAIN II,160635,138113,1537,1163,136576,136950,57957,0,55721,0,60686,0,58491,0,12852,0,18092,0,4091,0,3451,0,0,0,0,0,0,0,0,0,687,0,554,0,0,0,0,0,303,0,641,0
145,140,FRANKFURT AM MAIN III,158503,136303,1490,1265,134813,135038,54502,0,52730,0,65265,0,61397,0,9719,0,16107,0,4340,0,3539,0,0,0,0,0,0,0,0,0,641,0,517,0,0,0,0,0,346,0,748,0
146,141,GROSS-GERAU,201975,184880,2394,1648,182486,183232,71238,0,69454,0,92303,0,89205,0,12499,0,19285,0,5349,0,4147,0,0,0,0,0,0,0,0,0,846,0,506,0,0,0,0,0,251,0,635,0
147,142,OFFENBACH,204249,182811,2976,1537,179835,181274,75482,0,73079,0,84450,0,82328,0,14942,0,21061,0,4305,0,3761,0,0,0,0,0,0,0,0,0,542,0,471,0,0,0,0,0,114,0,574,0
148,143,DARMSTADT,195984,175135,2494,1898,172641,173237,64619,0,63130,0,84910,0,83628,0,16401,0,21186,0,5533,0,4331,0,0,0,0,0,0,0,0,0,717,0,495,0,0,0,0,0,461,0,467,0
149,144,ODENWALD,217224,198776,3006,2160,195770,196616,83399,0,82017,0,96469,0,91334,0,11010,0,18918,0,3924,0,3222,0,0,0,0,0,0,0,0,0,773,0,556,0,0,0,0,0,195,0,569,0
150,145,BERGSTRASSE,175504,159118,1905,1673,157213,157445,70540,0,67851,0,74323,0,71224,0,8828,0,15246,0,2962,0,2337,0,0,0,0,0,0,0,0,0,305,0,238,0,0,0,0,0,255,0,549,0
151,906,HESSEN,4001747,3598071,47140,32909,3550931,3565162,1486212,0,1447904,0,1721811,0,1655513,0,249303,0,377448,0,78465,0,65013,0,0,0,0,0,0,0,0,0,11734,0,8817,0,0,0,0,0,3406,0,10467,0
152,146,NEUWIED,210872,191087,1975,1927,189112,189160,88283,0,86043,0,83905,0,80309,0,13852,0,19969,0,2730,0,2330,0,0,0,0,0,0,0,0,0,285,0,222,0,0,0,0,0,57,0,287,0
153,147,AHRWEILER,164641,148233,2332,1484,145901,146749,82220,0,80910,0,53647,0,52492,0,7391,0,11311,0,2419,0,1703,0,0,0,0,0,0,0,0,0,224,0,148,0,0,0,0,0,0,0,185,0
154,148,KOBLENZ,179565,160420,1931,1428,158489,158992,76704,0,74565,0,69668,0,64776,0,9166,0,17230,0,2551,0,1971,0,0,0,0,0,0,0,0,0,273,0,180,0,0,0,0,0,127,0,270,0
155,149,COCHEM,132481,119839,2963,1516,116876,118323,67153,0,66430,0,37369,0,37515,0,11823,0,12603,0,0,0,1404,0,0,0,0,0,0,0,0,0,531,0,146,0,0,0,0,0,0,0,225,0
156,150,KREUZNACH,181281,162603,2211,1587,160392,161016,71447,0,62236,0,75589,0,78165,0,10228,0,17924,0,2415,0,1861,0,0,0,0,0,0,0,0,0,647,0,361,0,0,0,0,0,66,0,469,0
157,151,BITBURG,152317,135611,3015,2040,132596,133571,86352,0,83917,0,36509,0,37886,0,7104,0,9440,0,2405,0,1886,0,0,0,0,0,0,0,0,0,226,0,146,0,0,0,0,0,0,0,296,0
158,152,TRIER,168320,149853,2841,2170,147012,147683,76268,0,74999,0,60169,0,58652,0,7231,0,11391,0,3014,0,2192,0,0,0,0,0,0,0,0,0,244,0,182,0,0,0,0,0,86,0,267,0
159,153,MONTABAUR,215770,194958,2493,2115,192465,192843,88456,0,86086,0,85849,0,84977,0,14597,0,18658,0,3227,0,2521,0,0,0,0,0,0,0,0,0,336,0,232,0,0,0,0,0,0,0,369,0
160,154,MAINZ,208152,187547,2167,1779,185380,185768,80101,0,76911,0,86350,0,80767,0,14862,0,24308,0,3334,0,2851,0,0,0,0,0,0,0,0,0,519,0,440,0,0,0,0,0,214,0,491,0
161,155,WORMS,161763,145998,1756,1501,144242,144497,56213,0,55205,0,73758,0,71384,0,11311,0,15100,0,2411,0,1921,0,0,0,0,0,0,0,0,0,428,0,318,0,0,0,0,0,121,0,569,0
162,156,FRANKENTHAL,136383,124093,2137,1586,121956,122507,48677,0,46241,0,61879,0,61418,0,8672,0,12294,0,2416,0,1732,0,0,0,0,0,0,0,0,0,312,0,225,0,0,0,0,0,0,0,597,0
163,157,LUDWIGSHAFEN,156516,139395,1714,1530,137681,137865,53009,0,50980,0,74530,0,71182,0,7226,0,12987,0,2254,0,1888,0,0,0,0,0,0,0,0,0,513,0,384,0,0,0,0,0,149,0,444,0
164,158,NEUSTADT - SPEYER,163675,148266,2437,1811,145829,146455,67977,0,66353,0,64606,0,62521,0,9552,0,14569,0,3148,0,2206,0,0,0,0,0,0,0,0,0,478,0,338,0,0,0,0,0,68,0,468,0
165,159,KAISERSLAUTERN,208751,184610,3370,2531,181240,182079,69666,0,69578,0,95396,0,91942,0,11631,0,16559,0,3860,0,2639,0,0,0,0,0,0,0,0,0,592,0,389,0,0,0,0,0,95,0,972,0
166,160,PIRMASENS,146701,131312,2618,2011,128694,129301,64038,0,62273,0,56703,0,54580,0,7401,0,9829,0,0,0,1734,0,0,0,0,0,0,0,0,0,552,0,216,0,0,0,0,0,0,0,669,0
167,161,LANDAU,172589,156938,2434,2187,154504,154751,77307,0,75489,0,60238,0,60045,0,13196,0,15749,0,3363,0,2661,0,0,0,0,0,0,0,0,0,303,0,212,0,0,0,0,0,97,0,595,0
168,907,RHEINLAND-PFALZ,2759777,2480763,38394,29203,2442369,2451560,1153871,0,1118216,0,1076165,0,1048611,0,165243,0,239921,0,39547,0,33500,0,0,0,0,0,0,0,0,0,6463,0,4139,0,0,0,0,0,1080,0,7173,0
169,162,STUTTGART-SUED,185597,162306,1603,1211,160703,161095,67269,0,63570,0,67032,0,61948,0,20453,0,31277,0,5381,0,3463,0,0,0,0,0,0,0,0,0,368,0,314,0,0,0,0,0,200,0,523,0
170,163,STUTTGART-NORD,193730,169008,1716,1352,167292,167656,66074,0,63860,0,80072,0,74829,0,16906,0,25268,0,3477,0,2677,0,0,0,0,0,0,0,0,0,556,0,450,0,0,0,0,0,207,0,572,0
171,164,BOEBLINGEN,198859,174061,2135,1737,171926,172324,82513,0,78092,0,69331,0,63555,0,14744,0,27103,0,5072,0,3005,0,0,0,0,0,0,0,0,0,266,0,157,0,0,0,0,0,0,0,412,0
172,165,ESSLINGEN,149110,132490,1594,1097,130896,131393,60767,0,58141,0,62296,0,51981,0,7301,0,18363,0,0,0,2408,0,0,0,0,0,0,0,0,0,532,0,199,0,0,0,0,0,0,0,301,0
173,166,NUERTINGEN,155044,135794,1887,1300,133907,134494,65901,0,62233,0,51209,0,49678,0,12854,0,19753,0,3570,0,2276,0,0,0,0,0,0,0,0,0,264,0,134,0,0,0,0,0,109,0,420,0
174,167,GOEPPINGEN,160340,140391,1301,1350,139090,139041,67338,0,63921,0,54782,0,54462,0,13774,0,18226,0,2817,0,1952,0,0,0,0,0,0,0,0,0,231,0,164,0,0,0,0,0,148,0,316,0
175,168,WAIBLINGEN,183441,158142,2626,1699,155516,156443,73033,0,67695,0,61719,0,60382,0,16674,0,24959,0,3698,0,2781,0,0,0,0,0,0,0,0,0,284,0,171,0,0,0,0,0,108,0,455,0
176,169,LUDWIGSBURG,177017,155933,1374,1376,154559,154557,74658,0,66254,0,65505,0,60950,0,10651,0,23938,0,3525,0,2710,0,0,0,0,0,0,0,0,0,220,0,167,0,0,0,0,0,0,0,538,0
177,170,NECKAR-ZABER,150649,132107,1458,1436,130649,130671,60085,0,56642,0,53777,0,51905,0,13382,0,19278,0,3048,0,2267,0,0,0,0,0,0,0,0,0,238,0,150,0,0,0,0,0,119,0,429,0
178,171,HEILBRONN,206718,180939,2316,1968,178623,178971,82760,0,79653,0,80575,0,72892,0,10796,0,22559,0,4183,0,3135,0,0,0,0,0,0,0,0,0,252,0,177,0,0,0,0,0,57,0,555,0
179,172,SCHWAEBISCH HALL,170702,142486,1785,1746,140701,140740,72322,0,68446,0,50056,0,50546,0,14817,0,18742,0,3245,0,2455,0,0,0,0,0,0,0,0,0,193,0,131,0,0,0,0,0,68,0,420,0
180,173,BACKNANG - SCHWAEBISCH GMUEND,145108,124410,1546,1385,122864,123025,66399,0,61076,0,44541,0,44717,0,8174,0,14552,0,3498,0,2183,0,0,0,0,0,0,0,0,0,252,0,148,0,0,0,0,0,0,0,349,0
181,174,AALEN - HEIDENHEIM,198685,175540,2468,2083,173072,173457,92607,0,87470,0,65840,0,66633,0,10065,0,16004,0,4119,0,2757,0,0,0,0,0,0,0,0,0,390,0,236,0,0,0,0,0,51,0,357,0
182,175,KARLSRUHE-STADT,191719,162986,2117,1441,160869,161545,70678,0,69653,0,72671,0,66409,0,13370,0,21991,0,3434,0,2643,0,0,0,0,0,0,0,0,0,447,0,302,0,0,0,0,0,269,0,547,0
183,176,KARLSRUHE-LAND,206947,182214,4260,3272,177954,178942,96904,0,93041,0,67380,0,67626,0,9277,0,15118,0,3193,0,2324,0,0,0,0,0,0,0,0,0,1096,0,268,0,0,0,0,0,104,0,565,0
184,177,RASTATT,228790,196460,3558,2962,192902,193498,107091,0,103221,0,67957,0,68587,0,13388,0,18119,0,4018,0,2924,0,0,0,0,0,0,0,0,0,326,0,237,0,0,0,0,0,122,0,410,0
185,178,HEIDELBERG,168925,148172,2094,1688,146078,146484,63644,0,62010,0,65605,0,63324,0,11454,0,17085,0,4907,0,3366,0,0,0,0,0,0,0,0,0,319,0,226,0,0,0,0,0,149,0,473,0
186,179,MANNHEIM I,143875,121331,1393,1158,119938,120173,45720,0,43689,0,66276,0,63085,0,6640,0,10746,0,0,0,1565,0,0,0,0,0,0,0,0,0,981,0,619,0,0,0,0,0,321,0,469,0
187,180,MANNHEIM II,152040,135891,1368,1279,134523,134612,57864,0,55739,0,64668,0,59865,0,8631,0,16139,0,2867,0,2118,0,0,0,0,0,0,0,0,0,363,0,255,0,0,0,0,0,130,0,496,0
188,181,ODENWALD - TAUBER,186497,161490,2985,2104,158505,159386,96339,0,92236,0,48860,0,51089,0,9117,0,13097,0,3902,0,2497,0,0,0,0,0,0,0,0,0,194,0,114,0,0,0,0,0,93,0,353,0
189,182,RHEIN-NECKAR,154327,137444,2497,1772,134947,135672,67872,0,66402,0,57191,0,52300,0,9389,0,14305,0,0,0,2116,0,0,0,0,0,0,0,0,0,292,0,119,0,0,0,0,0,203,0,430,0
190,183,PFORZHEIM,187091,161721,2837,1945,158884,159776,73300,0,70698,0,68637,0,65551,0,12407,0,20091,0,4165,0,2819,0,0,0,0,0,0,0,0,0,309,0,178,0,0,0,0,0,66,0,439,0
191,184,CALW,155510,131487,1936,1686,129551,129801,71547,0,68141,0,45361,0,43473,0,8802,0,15356,0,3416,0,2377,0,0,0,0,0,0,0,0,0,358,0,129,0,0,0,0,0,67,0,325,0
192,185,FREIBURG,186129,161262,1903,1568,159359,159694,69370,0,67148,0,65424,0,63496,0,16964,0,22979,0,6944,0,5337,0,0,0,0,0,0,0,0,0,531,0,336,0,0,0,0,0,126,0,398,0
193,186,LOERRACH - MUELLHEIM,179104,149941,2228,1990,147713,147951,67148,0,64188,0,61153,0,61088,0,12884,0,18240,0,6114,0,3754,0,0,0,0,0,0,0,0,0,359,0,233,0,0,0,0,0,55,0,448,0
194,187,EMMENDINGEN - LAHR,179243,152052,3058,2672,148994,149380,76216,0,72515,0,55578,0,57305,0,11444,0,15584,0,5311,0,3440,0,0,0,0,0,0,0,0,0,367,0,237,0,0,0,0,0,78,0,299,0
195,188,OFFENBURG,167388,140732,2272,2366,138460,138366,77096,0,74515,0,49313,0,49099,0,8881,0,11955,0,2944,0,2316,0,0,0,0,0,0,0,0,0,170,0,134,0,0,0,0,0,56,0,347,0
196,189,ROTTWEIL,168450,146452,2146,2053,144306,144399,83150,0,81289,0,46408,0,46648,0,11466,0,13655,0,3006,0,2138,0,0,0,0,0,0,0,0,0,276,0,183,0,0,0,0,0,0,0,486,0
197,190,SCHWARZWALD-BAAR,136136,116244,1713,1393,114531,114851,63493,0,58838,0,39848,0,40692,0,7920,0,12522,0,3055,0,2184,0,0,0,0,0,0,0,0,0,159,0,100,0,0,0,0,0,56,0,515,0
198,191,KONSTANZ,158445,134274,1982,1539,132292,132735,69829,0,68018,0,48298,0,46447,0,9568,0,15111,0,4153,0,2616,0,0,0,0,0,0,0,0,0,267,0,203,0,0,0,0,0,177,0,340,0
199,192,WALDSHUT,121392,101856,1277,1273,100579,100583,54725,0,53941,0,35965,0,33239,0,6891,0,10806,0,2801,0,2273,0,0,0,0,0,0,0,0,0,146,0,109,0,0,0,0,0,51,0,215,0
200,193,REUTLINGEN,161260,140559,2099,1388,138460,139171,71629,0,69046,0,45196,0,48960,0,18106,0,18498,0,3000,0,2067,0,0,0,0,0,0,0,0,0,405,0,237,0,0,0,0,0,124,0,363,0
201,194,TUEBINGEN,135555,119261,1894,1160,117367,118101,61859,0,58390,0,43632,0,41809,0,7545,0,14591,0,3617,0,2801,0,0,0,0,0,0,0,0,0,628,0,234,0,0,0,0,0,86,0,276,0
202,195,ULM,178131,156061,2348,2104,153713,153957,82566,0,80574,0,56188,0,53668,0,10703,0,16214,0,3738,0,2673,0,0,0,0,0,0,0,0,0,354,0,232,0,0,0,0,0,164,0,596,0
203,196,BIBERACH,183578,161169,3052,2058,158117,159111,111688,0,109582,0,33096,0,34593,0,7741,0,11495,0,5240,0,3039,0,0,0,0,0,0,0,0,0,198,0,98,0,0,0,0,0,154,0,304,0
204,197,RAVENSBURG - BODENSEE,195417,169526,2150,1775,167376,167751,98808,0,97438,0,48563,0,47344,0,14449,0,18880,0,5054,0,3538,0,0,0,0,0,0,0,0,0,273,0,153,0,0,0,0,0,229,0,398,0
205,198,ZOLLERNALB - SIGMARINGEN,169586,145870,1777,1636,144093,144234,91647,0,88719,0,43159,0,40738,0,5895,0,12283,0,3194,0,2080,0,0,0,0,0,0,0,0,0,198,0,100,0,0,0,0,0,0,0,314,0
206,908,BADEN-WUERTTEMBERG,6370535,5518062,78753,64022,5439309,5454040,2761909,0,2646084,0,2103162,0,2030913,0,423523,0,654882,0,133706,0,99074,0,0,0,0,0,0,0,0,0,13062,0,7634,0,0,0,0,0,3947,0,15453,0
207,199,ALTOETTING,201590,178891,2684,1491,176207,177400,113637,0,114948,0,48931,0,46135,0,9627,0,13313,0,3778,0,2310,0,0,0,0,0,0,0,0,0,234,0,125,0,0,0,0,0,0,0,569,0
208,200,FREISING,198961,174953,3939,1886,171014,173067,112052,0,112377,0,46490,0,45899,0,7647,0,11524,0,4507,0,2639,0,0,0,0,0,0,0,0,0,222,0,118,0,0,0,0,0,96,0,510,0
209,201,FUERSTENFELDBRUCK,188106,167242,2526,1275,164716,165967,92383,0,91450,0,55345,0,52946,0,13616,0,18841,0,2837,0,2022,0,0,0,0,0,0,0,0,0,252,0,140,0,0,0,0,0,283,0,568,0
210,202,INGOLSTADT,186227,164329,2247,1650,162082,162679,106112,0,103642,0,47823,0,48218,0,5480,0,8791,0,1890,0,1287,0,0,0,0,0,0,0,0,0,777,0,246,0,0,0,0,0,0,0,495,0
211,203,MUENCHEN-MITTE,126043,103609,1570,806,102039,102803,42759,0,42566,0,46535,0,43425,0,8992,0,13503,0,3155,0,2338,0,0,0,0,0,0,0,0,0,474,0,358,0,0,0,0,0,124,0,613,0
212,204,MUENCHEN-NORD,170369,142889,2063,1013,140826,141876,57260,0,58903,0,70521,0,61970,0,9502,0,17800,0,2260,0,2114,0,0,0,0,0,0,0,0,0,456,0,332,0,0,0,0,0,827,0,757,0
213,205,MUENCHEN-OST,179029,151436,2283,1035,149153,150401,66850,0,66394,0,63298,0,60793,0,15506,0,19908,0,2860,0,2212,0,0,0,0,0,0,0,0,0,445,0,317,0,0,0,0,0,194,0,777,0
214,206,MUENCHEN-SUED,177737,152648,2373,1034,150275,151614,66773,0,66315,0,61981,0,59949,0,17771,0,22029,0,3192,0,2212,0,0,0,0,0,0,0,0,0,426,0,343,0,0,0,0,0,132,0,766,0
215,207,MUENCHEN-WEST,158469,136584,2241,1024,134343,135560,63656,0,61977,0,51677,0,52823,0,16005,0,17756,0,2478,0,2046,0,0,0,0,0,0,0,0,0,333,0,259,0,0,0,0,0,194,0,699,0
216,208,MUENCHEN-LAND,162642,145765,1520,829,144245,144936,72736,0,71405,0,53785,0,47135,0,14617,0,23512,0,2851,0,2156,0,0,0,0,0,0,0,0,0,256,0,136,0,0,0,0,0,0,0,592,0
217,209,ROSENHEIM,164750,144714,2109,1251,142605,143463,89085,0,91684,0,40462,0,38737,0,10429,0,10618,0,2339,0,1767,0,0,0,0,0,0,0,0,0,217,0,119,0,0,0,0,0,73,0,538,0
218,210,STARNBERG,205252,182532,2113,1418,180419,181114,108574,0,107944,0,45086,0,48224,0,22654,0,21731,0,3822,0,2337,0,0,0,0,0,0,0,0,0,283,0,178,0,0,0,0,0,0,0,700,0
219,211,TRAUNSTEIN,172342,152359,2827,1490,149532,150869,99695,0,99370,0,38716,0,37853,0,8056,0,10715,0,2824,0,2084,0,0,0,0,0,0,0,0,0,241,0,161,0,0,0,0,0,0,0,686,0
220,212,WEILHEIM,190590,168454,2159,1922,166295,166532,108760,0,107572,0,43757,0,43563,0,10952,0,12847,0,2579,0,1787,0,0,0,0,0,0,0,0,0,247,0,139,0,0,0,0,0,0,0,624,0
221,213,DEGGENDORF,129139,106403,1974,1403,104429,105000,75143,0,73781,0,24624,0,26134,0,2937,0,3564,0,1570,0,1154,0,0,0,0,0,0,0,0,0,155,0,63,0,0,0,0,0,0,0,304,0
222,214,LANDSHUT,185939,162765,4589,2260,158176,160505,99775,0,104813,0,43026,0,43536,0,11449,0,9289,0,3440,0,2056,0,0,0,0,0,0,0,0,0,486,0,171,0,0,0,0,0,0,0,640,0
223,215,PASSAU,150746,128298,1978,1512,126320,126786,82672,0,83203,0,37031,0,36283,0,3798,0,5013,0,2677,0,1864,0,0,0,0,0,0,0,0,0,142,0,77,0,0,0,0,0,0,0,346,0
224,216,ROTTAL-INN,133192,114668,2178,1547,112490,113121,78454,0,79718,0,28048,0,26777,0,4050,0,4918,0,1765,0,1237,0,0,0,0,0,0,0,0,0,173,0,82,0,0,0,0,0,0,0,389,0
225,217,STRAUBING,147793,123158,2560,1856,120598,121302,81030,0,82700,0,30634,0,31805,0,5921,0,4896,0,2746,0,1309,0,0,0,0,0,0,0,0,0,267,0,146,0,0,0,0,0,0,0,446,0
226,218,AMBERG,175890,156734,2489,1698,154245,155036,99390,0,98679,0,45846,0,45581,0,6511,0,8341,0,2240,0,1634,0,0,0,0,0,0,0,0,0,258,0,150,0,0,0,0,0,0,0,651,0
227,219,REGENSBURG,191276,167633,2724,1914,164909,165719,104309,0,103450,0,51124,0,50298,0,6071,0,9477,0,2981,0,1813,0,0,0,0,0,0,0,0,0,323,0,183,0,0,0,0,0,101,0,498,0
228,220,SCHWANDORF,188002,162294,3892,2937,158402,159357,103969,0,104874,0,42867,0,46422,0,8081,0,5893,0,2978,0,1437,0,0,0,0,0,0,0,0,0,507,0,177,0,0,0,0,0,0,0,554,0
229,221,WEIDEN,161841,146472,2514,1957,143958,144515,86354,0,86201,0,51558,0,50358,0,4075,0,6289,0,1795,0,1179,0,0,0,0,0,0,0,0,0,176,0,103,0,0,0,0,0,0,0,385,0
230,222,BAMBERG,185939,165592,2209,1615,163383,163977,109032,0,105002,0,45423,0,46668,0,5985,0,9767,0,2622,0,1812,0,0,0,0,0,0,0,0,0,321,0,164,0,0,0,0,0,0,0,564,0
231,223,BAYREUTH,126120,110792,1756,971,109036,109821,60646,0,59044,0,41580,0,41990,0,5143,0,7109,0,1354,0,1138,0,0,0,0,0,0,0,0,0,313,0,152,0,0,0,0,0,0,0,388,0
232,224,COBURG,157459,142390,1547,1247,140843,141143,69214,0,67768,0,64619,0,63533,0,5128,0,8043,0,1727,0,1248,0,0,0,0,0,0,0,0,0,155,0,117,0,0,0,0,0,0,0,434,0
233,225,HOF,203001,177981,2268,1840,175713,176141,81493,0,79384,0,84895,0,83673,0,6138,0,10069,0,2890,0,2179,0,0,0,0,0,0,0,0,0,297,0,204,0,0,0,0,0,0,0,632,0
234,226,KULMBACH,128140,115415,2038,1204,113377,114211,68428,0,67586,0,40471,0,40094,0,3053,0,5098,0,1267,0,996,0,0,0,0,0,0,0,0,0,158,0,80,0,0,0,0,0,0,0,357,0
235,227,ANSBACH,143204,125015,1788,1396,123227,123619,75487,0,73711,0,37790,0,36965,0,7158,0,10427,0,2528,0,1894,0,0,0,0,0,0,0,0,0,264,0,132,0,0,0,0,0,0,0,490,0
236,228,ERLANGEN,224808,200325,2775,1715,197550,198610,94290,0,94091,0,81400,0,77545,0,17283,0,22795,0,4158,0,3079,0,0,0,0,0,0,0,0,0,419,0,227,0,0,0,0,0,0,0,873,0
237,229,FUERTH,222942,193851,2403,1816,191448,192035,98855,0,95286,0,76377,0,75800,0,12063,0,16858,0,3595,0,2777,0,0,0,0,0,0,0,0,0,558,0,328,0,0,0,0,0,0,0,986,0
238,230,NUERNBERG-NORD,176978,152363,1548,1091,150815,151272,67674,0,65387,0,68024,0,65042,0,10449,0,16493,0,3806,0,2920,0,0,0,0,0,0,0,0,0,645,0,505,0,0,0,0,0,217,0,925,0
239,231,NUERNBERG-SUED,174687,150928,1642,1119,149286,149809,61285,0,60429,0,75143,0,72140,0,8887,0,13614,0,2903,0,2242,0,0,0,0,0,0,0,0,0,888,0,424,0,0,0,0,0,180,0,960,0
240,232,ROTH,162095,143720,2556,1626,141164,142094,85291,0,80007,0,46847,0,48577,0,6175,0,10833,0,2537,0,1959,0,0,0,0,0,0,0,0,0,314,0,182,0,0,0,0,0,0,0,536,0
241,233,ASCHAFFENBURG,152174,135054,2116,1687,132938,133367,75318,0,74030,0,47316,0,48087,0,7258,0,8495,0,2848,0,2174,0,0,0,0,0,0,0,0,0,198,0,99,0,0,0,0,0,0,0,482,0
242,234,BAD KISSINGEN,192823,174155,2436,1683,171719,172472,118668,0,116809,0,42112,0,43111,0,8191,0,10043,0,2551,0,1902,0,0,0,0,0,0,0,0,0,197,0,117,0,0,0,0,0,0,0,490,0
243,235,MAIN-SPESSART,167772,151494,2885,1689,148609,149805,92541,0,90826,0,49109,0,47713,0,6516,0,8672,0,0,0,2023,0,0,0,0,0,0,0,0,0,443,0,156,0,0,0,0,0,0,0,415,0
244,236,SCHWEINFURT,176652,157793,2465,1598,155328,156195,93593,0,91723,0,51700,0,51423,0,6658,0,9974,0,3074,0,2188,0,0,0,0,0,0,0,0,0,244,0,127,0,0,0,0,0,59,0,760,0
245,237,WUERZBURG,188292,168054,2946,1519,165108,166535,91924,0,90966,0,57286,0,57802,0,11664,0,14316,0,3573,0,2606,0,0,0,0,0,0,0,0,0,376,0,203,0,0,0,0,0,285,0,642,0
246,238,AUGSBURG-STADT,176250,150123,1667,1264,148456,148859,75128,0,74884,0,59180,0,58921,0,9869,0,11816,0,3591,0,2214,0,0,0,0,0,0,0,0,0,332,0,188,0,0,0,0,0,356,0,836,0
247,239,AUGSBURG-LAND,199537,176261,2759,1581,173502,174680,115207,0,113847,0,45987,0,46346,0,8395,0,11458,0,3591,0,2332,0,0,0,0,0,0,0,0,0,322,0,124,0,0,0,0,0,0,0,573,0
248,240,DONAU-RIES,142680,125252,2407,1466,122845,123786,80736,0,81191,0,34415,0,33719,0,5500,0,6987,0,2053,0,1474,0,0,0,0,0,0,0,0,0,141,0,66,0,0,0,0,0,0,0,349,0
249,241,NEU-ULM,172386,148843,2183,1553,146660,147290,89754,0,86610,0,44748,0,46373,0,9136,0,11468,0,2783,0,2178,0,0,0,0,0,0,0,0,0,239,0,119,0,0,0,0,0,0,0,542,0
250,242,OBERALLGAEU,185082,160959,3117,1602,157842,159357,96097,0,96544,0,44307,0,45289,0,13291,0,14100,0,3797,0,2740,0,0,0,0,0,0,0,0,0,350,0,150,0,0,0,0,0,0,0,534,0
251,243,OSTALLGAEU,222474,193590,5039,1925,188551,191665,129276,0,129368,0,44555,0,45278,0,11117,0,13617,0,3257,0,2253,0,0,0,0,0,0,0,0,0,346,0,171,0,0,0,0,0,0,0,978,0
252,909,BAYERN,7827420,6854780,110102,68415,6744678,6786365,3941365,0,3908459,0,2252449,0,2220953,0,408804,0,532620,0,124069,0,89322,0,0,0,0,0,0,0,0,0,14870,0,8158,0,0,0,0,0,3121,0,26853,0
253,244,SAARBRUECKEN I,159046,138792,2421,1810,136371,136982,52283,0,50616,0,72873,0,69259,0,10270,0,14628,0,0,0,1541,0,0,0,0,0,0,0,0,0,692,0,549,0,0,0,0,0,253,0,389,0
254,245,SAARBRUECKEN II,166667,151652,2701,2258,148951,149394,64897,0,62876,0,75358,0,72971,0,7663,0,11231,0,0,0,1381,0,0,0,0,0,0,0,0,0,1033,0,610,0,0,0,0,0,0,0,325,0
255,246,SAARLOUIS,166299,151890,3263,2184,148627,149706,70598,0,68537,0,69535,0,67935,0,7955,0,10901,0,0,0,1731,0,0,0,0,0,0,0,0,0,539,0,283,0,0,0,0,0,0,0,319,0
256,247,SANKT WENDEL,165041,153416,2388,2013,151028,151323,72384,0,70293,0,72053,0,70014,0,5904,0,8818,0,0,0,1465,0,0,0,0,0,0,0,0,0,687,0,411,0,0,0,0,0,0,0,322,0
257,248,HOMBURG,172715,156275,2109,2258,154166,154017,63186,0,61387,0,79688,0,77861,0,8232,0,12020,0,2127,0,1711,0,0,0,0,0,0,0,0,0,808,0,618,0,0,0,0,0,125,0,420,0
258,910,SAARLAND,829768,752025,12882,10523,739143,741422,323348,0,313709,0,369507,0,358040,0,40024,0,57598,0,2127,0,7829,0,0,0,0,0,0,0,0,0,3759,0,2471,0,0,0,0,0,378,0,1775,0
259,999,BUNDESGEBIET OHNE BERLIN,43231741,38292176,485645,353115,37806531,37938981,17408572,0,16897659,0,16808861,0,16260677,0,2720480,0,4030999,0,732619,0,569589,0,0,0,0,0,0,0,0,0,107158,0,71600,0,0,0,0,0,28841,0,108457,0
